[
    {
        "type": "message",
        "subtype": "file_comment",
        "text": "<@U9789MP9B> commented on <@U9D1J4RJS>’s file <https:\/\/renegonbits.slack.com\/files\/U9D1J4RJS\/F9EC3GE68\/20180224_215326.mp4|20180224_215326.mp4>: those tide pods tho",
        "file": {
            "id": "F9EC3GE68",
            "created": 1519527446,
            "timestamp": 1519527446,
            "name": "20180224_215326.mp4",
            "title": "20180224_215326.mp4",
            "mimetype": "video\/mp4",
            "filetype": "mp4",
            "pretty_type": "MPEG 4 Video",
            "user": "U9D1J4RJS",
            "editable": false,
            "size": 75251661,
            "mode": "hosted",
            "is_external": false,
            "external_type": "",
            "is_public": true,
            "public_url_shared": false,
            "display_as_bot": false,
            "username": "",
            "url_private": "https:\/\/files.slack.com\/files-pri\/T970EQ935-F9EC3GE68\/20180224_215326.mp4?t=xoxe-313014825107-337442569633-339045379335-66643903eec3cd58e9fd7bf1582ce4bf",
            "url_private_download": "https:\/\/files.slack.com\/files-pri\/T970EQ935-F9EC3GE68\/download\/20180224_215326.mp4?t=xoxe-313014825107-337442569633-339045379335-66643903eec3cd58e9fd7bf1582ce4bf",
            "permalink": "https:\/\/renegonbits.slack.com\/files\/U9D1J4RJS\/F9EC3GE68\/20180224_215326.mp4",
            "permalink_public": "https:\/\/slack-files.com\/T970EQ935-F9EC3GE68-eb944048a9",
            "channels": [],
            "groups": [],
            "ims": [],
            "comments_count": 1
        },
        "comment": {
            "id": "Fc9DS2SS9W",
            "created": 1519580637,
            "timestamp": 1519580637,
            "user": "U9789MP9B",
            "is_intro": false,
            "comment": "those tide pods tho"
        },
        "is_intro": false,
        "ts": "1519580637.000054"
    }
]