[
    {
        "type": "message",
        "user": "U970EQ95H",
        "text": "Great job everyone. Just had the meeting with Dr. Mussa, and he loved what we did and said to keep it up",
        "ts": "1519666469.000207",
        "reactions": [
            {
                "name": "+1",
                "users": [
                    "U9789MP9B",
                    "U9D1J4RJS",
                    "U9C5ZAJRF"
                ],
                "count": 3
            }
        ]
    },
    {
        "type": "message",
        "user": "U9BG6E16C",
        "text": "Cool, hell yeah.",
        "client_msg_id": "5ad73364-eeff-42c8-8af7-f5426add2442",
        "ts": "1519666485.000412"
    }
]