[
    {
        "user": "U9C5ZAJRF",
        "text": "<@U9C5ZAJRF> has joined the channel",
        "type": "message",
        "subtype": "channel_join",
        "ts": "1519243541.000109"
    },
    {
        "type": "message",
        "user": "U9BG6E16C",
        "text": "How are we going to handle getting a person's geolocation?",
        "ts": "1519257104.000332"
    },
    {
        "type": "message",
        "user": "U9BG6E16C",
        "text": "<!channel>",
        "ts": "1519257213.000103"
    },
    {
        "type": "message",
        "subtype": "file_share",
        "text": "<@U9BG6E16C> uploaded a file: <https:\/\/renegonbits.slack.com\/files\/U9BG6E16C\/F9CRXDQ6N\/use_cases.pdf|Also, gonna reupload this:>",
        "file": {
            "id": "F9CRXDQ6N",
            "created": 1519257603,
            "timestamp": 1519257603,
            "name": "Use Cases.pdf",
            "title": "Also, gonna reupload this:",
            "mimetype": "application\/pdf",
            "filetype": "pdf",
            "pretty_type": "PDF",
            "user": "U9BG6E16C",
            "editable": false,
            "size": 15346,
            "mode": "hosted",
            "is_external": false,
            "external_type": "",
            "is_public": true,
            "public_url_shared": false,
            "display_as_bot": false,
            "username": "",
            "url_private": "https:\/\/files.slack.com\/files-pri\/T970EQ935-F9CRXDQ6N\/use_cases.pdf?t=xoxe-313014825107-337442569633-339045379335-66643903eec3cd58e9fd7bf1582ce4bf",
            "url_private_download": "https:\/\/files.slack.com\/files-pri\/T970EQ935-F9CRXDQ6N\/download\/use_cases.pdf?t=xoxe-313014825107-337442569633-339045379335-66643903eec3cd58e9fd7bf1582ce4bf",
            "thumb_pdf": "https:\/\/files.slack.com\/files-tmb\/T970EQ935-F9CRXDQ6N-4068a4dcaa\/use_cases_thumb_pdf.png?t=xoxe-313014825107-337442569633-339045379335-66643903eec3cd58e9fd7bf1582ce4bf",
            "thumb_pdf_w": 935,
            "thumb_pdf_h": 1210,
            "permalink": "https:\/\/renegonbits.slack.com\/files\/U9BG6E16C\/F9CRXDQ6N\/use_cases.pdf",
            "permalink_public": "https:\/\/slack-files.com\/T970EQ935-F9CRXDQ6N-869b647d50",
            "channels": [],
            "groups": [],
            "ims": [],
            "comments_count": 0
        },
        "user": "U9BG6E16C",
        "upload": true,
        "display_as_bot": false,
        "username": "cscott71",
        "bot_id": null,
        "ts": "1519257604.000617"
    },
    {
        "type": "message",
        "user": "U9BG6E16C",
        "text": "Also, for #3 do you mean an account image and account details? <@U970EQ95H>",
        "edited": {
            "user": "U9BG6E16C",
            "ts": "1519258017.000000"
        },
        "ts": "1519257990.000271"
    },
    {
        "type": "message",
        "user": "U9BG6E16C",
        "text": "Idk what you mean by response form",
        "ts": "1519258021.000358"
    },
    {
        "type": "message",
        "user": "U970EQ95H",
        "text": "That's an animal's image and further features\/details about the animal.\nThe response form is just a form where the user can put the details about the animal",
        "edited": {
            "user": "U970EQ95H",
            "ts": "1519260577.000000"
        },
        "ts": "1519260564.000330"
    },
    {
        "type": "message",
        "user": "U9BG6E16C",
        "text": "#6 is Post to Feed",
        "ts": "1519260677.000307"
    },
    {
        "type": "message",
        "user": "U9BG6E16C",
        "text": "But mine is Post to Feed?",
        "ts": "1519260683.000192"
    },
    {
        "type": "message",
        "user": "U970EQ95H",
        "text": "Posting to the Feed is different from uploading information to the database",
        "ts": "1519260734.000390"
    },
    {
        "type": "message",
        "user": "U9BG6E16C",
        "text": "...?",
        "ts": "1519260751.000223"
    },
    {
        "type": "message",
        "user": "U9BG6E16C",
        "text": "The entire point is to make a post in which you upload an image and details to the database",
        "ts": "1519260772.000172"
    },
    {
        "type": "message",
        "user": "U9BG6E16C",
        "text": "I'm totally confused",
        "ts": "1519260799.000294"
    },
    {
        "type": "message",
        "user": "U970EQ95H",
        "text": "There is the database which people upload information about animals they see to and can get information about certain animals by querying the database.\nAnd from what I gathered, the Feed is a place where recognized organizations can make advertisements and people can comment and make their own posts about animals",
        "ts": "1519261263.000142"
    },
    {
        "type": "message",
        "user": "U970EQ95H",
        "text": "However, it could get a little overwhelming if regular people are allowed to post, so it could just be the recognized organizations",
        "edited": {
            "user": "U970EQ95H",
            "ts": "1519261295.000000"
        },
        "ts": "1519261287.000291"
    },
    {
        "type": "message",
        "user": "U9BG6E16C",
        "text": "The entire point was that users would make posts of animals they see and post the image and details about the animal so other people can see it",
        "ts": "1519261324.000384"
    },
    {
        "type": "message",
        "user": "U9BG6E16C",
        "text": "The organizations thing was just a secondary point",
        "ts": "1519261339.000043"
    },
    {
        "type": "message",
        "user": "U9BG6E16C",
        "text": "The whole \"I see old people post this kind of stuff all the time on Facebook\"",
        "ts": "1519261365.000324"
    },
    {
        "type": "message",
        "user": "U9BG6E16C",
        "text": "The point was to give them a place to post it that wasn't just Facebook",
        "ts": "1519261379.000333"
    },
    {
        "type": "message",
        "user": "U970EQ95H",
        "text": "Okay, well I misunderstood that then",
        "ts": "1519261399.000216"
    },
    {
        "type": "message",
        "user": "U970EQ95H",
        "text": "So, that just removes one use case, right?",
        "ts": "1519261575.000267"
    },
    {
        "type": "message",
        "user": "U9BG6E16C",
        "text": "I think so?",
        "ts": "1519261609.000284"
    },
    {
        "type": "message",
        "user": "U9BG6E16C",
        "text": "What is #4 and 5?",
        "ts": "1519261623.000068"
    },
    {
        "type": "message",
        "user": "U970EQ95H",
        "text": "The user should still be able to look up certain animals, right?",
        "ts": "1519261648.000072"
    },
    {
        "type": "message",
        "user": "U970EQ95H",
        "text": "Or else they would just get lost over time, so its a way for them to find animals if they were entered into the database",
        "ts": "1519261706.000057"
    },
    {
        "type": "message",
        "user": "U9BG6E16C",
        "text": "Ohh okay",
        "ts": "1519261838.000102"
    },
    {
        "type": "message",
        "user": "U9BG6E16C",
        "text": "Yeah, that'll make sense",
        "ts": "1519261848.000090"
    },
    {
        "type": "message",
        "subtype": "file_share",
        "text": "<@U970EQ95H> uploaded a file: <https:\/\/renegonbits.slack.com\/files\/U970EQ95H\/F9DNBGNKY\/requirements_list.pdf|Requirements List.pdf> and commented: Here's the requirements list. It pretty much just outlines the use cases, so if you guys think there's any way I should improve it or any requirements you think I missed, let me know",
        "file": {
            "id": "F9DNBGNKY",
            "created": 1519262449,
            "timestamp": 1519262449,
            "name": "Requirements List.pdf",
            "title": "Requirements List.pdf",
            "mimetype": "application\/pdf",
            "filetype": "pdf",
            "pretty_type": "PDF",
            "user": "U970EQ95H",
            "editable": false,
            "size": 16829,
            "mode": "hosted",
            "is_external": false,
            "external_type": "",
            "is_public": true,
            "public_url_shared": false,
            "display_as_bot": false,
            "username": "",
            "url_private": "https:\/\/files.slack.com\/files-pri\/T970EQ935-F9DNBGNKY\/requirements_list.pdf?t=xoxe-313014825107-337442569633-339045379335-66643903eec3cd58e9fd7bf1582ce4bf",
            "url_private_download": "https:\/\/files.slack.com\/files-pri\/T970EQ935-F9DNBGNKY\/download\/requirements_list.pdf?t=xoxe-313014825107-337442569633-339045379335-66643903eec3cd58e9fd7bf1582ce4bf",
            "thumb_pdf": "https:\/\/files.slack.com\/files-tmb\/T970EQ935-F9DNBGNKY-89700274f5\/requirements_list_thumb_pdf.png?t=xoxe-313014825107-337442569633-339045379335-66643903eec3cd58e9fd7bf1582ce4bf",
            "thumb_pdf_w": 935,
            "thumb_pdf_h": 1210,
            "permalink": "https:\/\/renegonbits.slack.com\/files\/U970EQ95H\/F9DNBGNKY\/requirements_list.pdf",
            "permalink_public": "https:\/\/slack-files.com\/T970EQ935-F9DNBGNKY-ac4b4776d9",
            "channels": [],
            "groups": [],
            "ims": [],
            "comments_count": 1,
            "initial_comment": {
                "id": "Fc9DUARU31",
                "created": 1519262449,
                "timestamp": 1519262449,
                "user": "U970EQ95H",
                "is_intro": true,
                "comment": "Here's the requirements list. It pretty much just outlines the use cases, so if you guys think there's any way I should improve it or any requirements you think I missed, let me know"
            }
        },
        "user": "U970EQ95H",
        "upload": true,
        "display_as_bot": false,
        "username": "jherrera6",
        "bot_id": null,
        "ts": "1519262450.000279"
    }
]