[
    {
        "type": "message",
        "user": "U970EQ95H",
        "text": "Okay, so assignments 5, 6, and 7 all include implementing the system, so we don’t have to finish implementation this week, just get a good chunk done.\nSomething major we have to do though is automate how someone uses the system. So, they shouldn’t have to go and clone our repositories and all that, just click some things or put in a link and be done\nAlso, he’s fine with us using a web-based program, so we don’t have to worry about that anymore\nHe’s still very impressed with our project so far, so we just have to keep it up",
        "client_msg_id": "850E35E5-7D4F-491B-99CD-A8BD4688766A",
        "ts": "1521477562.000661"
    },
    {
        "type": "message",
        "user": "U9789MP9B",
        "text": "we could look into docker for automating setup",
        "ts": "1521478274.000793"
    },
    {
        "type": "message",
        "user": "U9C5ZAJRF",
        "text": ":raised_hands: yayyy",
        "client_msg_id": "e44354b6-af6b-40a4-923f-a9846f9d4237",
        "ts": "1521484522.000271"
    },
    {
        "type": "message",
        "user": "U9C5ZAJRF",
        "text": "Also, docker could work, are there any other automated deployment methods?",
        "client_msg_id": "066499f5-fdb8-466c-975e-c0c96fc665df",
        "ts": "1521484577.000567"
    },
    {
        "type": "message",
        "user": "U9C5ZAJRF",
        "text": "Hosting free on AWS and building a pipeline",
        "client_msg_id": "7c70a921-eb3c-490d-b4b0-8ca5581ffa02",
        "ts": "1521484629.000152"
    },
    {
        "type": "message",
        "user": "U9C5ZAJRF",
        "text": "That way they just need to put in a link to our site and use it",
        "client_msg_id": "c2df1b0c-7a6f-48f2-bdf7-200eb8ebd0ca",
        "ts": "1521484647.000323"
    },
    {
        "type": "message",
        "user": "U970EQ95H",
        "text": "That would be ideal",
        "client_msg_id": "3A10DBE7-3BAE-4B87-AC19-501C987D91A6",
        "ts": "1521484762.000694"
    },
    {
        "type": "message",
        "user": "U9D1J4RJS",
        "text": "I already have pipelines set up to go to heroku",
        "client_msg_id": "bbe276b5-e23c-436e-aa49-adaf76d13d71",
        "ts": "1521485333.000479"
    },
    {
        "type": "message",
        "user": "U9D1J4RJS",
        "text": "I just linked the git repos and with some heroku config files it's already up on a url",
        "client_msg_id": "c02631ac-400a-422e-b473-d28c4b343b78",
        "ts": "1521485353.000769"
    },
    {
        "type": "message",
        "user": "U9D1J4RJS",
        "text": "I posted it up earlier",
        "client_msg_id": "c8522d01-a4af-4f52-b224-41139d8c273f",
        "ts": "1521485359.000766"
    },
    {
        "type": "message",
        "user": "U9C5ZAJRF",
        "text": "Ohhh you right",
        "client_msg_id": "78b547a4-3f3c-44f5-9a3c-303e1ca07dab",
        "ts": "1521485441.000191"
    }
]