[
    {
        "type": "message",
        "user": "U9789MP9B",
        "text": "So hackGSU is next weekend and assignment 5 is due that sunday. We need to start working early.",
        "ts": "1521218315.000462"
    },
    {
        "type": "message",
        "subtype": "file_share",
        "text": "<@U9BG6E16C> uploaded a file: <https:\/\/renegonbits.slack.com\/files\/U9BG6E16C\/F9QQA3RFA\/image.png|image.png>",
        "file": {
            "id": "F9QQA3RFA",
            "created": 1521235240,
            "timestamp": 1521235240,
            "name": "image.png",
            "title": "image.png",
            "mimetype": "image\/png",
            "filetype": "png",
            "pretty_type": "PNG",
            "user": "U9BG6E16C",
            "editable": false,
            "size": 54635,
            "mode": "hosted",
            "is_external": false,
            "external_type": "",
            "is_public": true,
            "public_url_shared": false,
            "display_as_bot": false,
            "username": "",
            "url_private": "https:\/\/files.slack.com\/files-pri\/T970EQ935-F9QQA3RFA\/image.png?t=xoxe-313014825107-337442569633-339045379335-66643903eec3cd58e9fd7bf1582ce4bf",
            "url_private_download": "https:\/\/files.slack.com\/files-pri\/T970EQ935-F9QQA3RFA\/download\/image.png?t=xoxe-313014825107-337442569633-339045379335-66643903eec3cd58e9fd7bf1582ce4bf",
            "thumb_64": "https:\/\/files.slack.com\/files-tmb\/T970EQ935-F9QQA3RFA-0d19c965bf\/image_64.png?t=xoxe-313014825107-337442569633-339045379335-66643903eec3cd58e9fd7bf1582ce4bf",
            "thumb_80": "https:\/\/files.slack.com\/files-tmb\/T970EQ935-F9QQA3RFA-0d19c965bf\/image_80.png?t=xoxe-313014825107-337442569633-339045379335-66643903eec3cd58e9fd7bf1582ce4bf",
            "thumb_360": "https:\/\/files.slack.com\/files-tmb\/T970EQ935-F9QQA3RFA-0d19c965bf\/image_360.png?t=xoxe-313014825107-337442569633-339045379335-66643903eec3cd58e9fd7bf1582ce4bf",
            "thumb_360_w": 360,
            "thumb_360_h": 134,
            "thumb_480": "https:\/\/files.slack.com\/files-tmb\/T970EQ935-F9QQA3RFA-0d19c965bf\/image_480.png?t=xoxe-313014825107-337442569633-339045379335-66643903eec3cd58e9fd7bf1582ce4bf",
            "thumb_480_w": 480,
            "thumb_480_h": 179,
            "thumb_160": "https:\/\/files.slack.com\/files-tmb\/T970EQ935-F9QQA3RFA-0d19c965bf\/image_160.png?t=xoxe-313014825107-337442569633-339045379335-66643903eec3cd58e9fd7bf1582ce4bf",
            "thumb_720": "https:\/\/files.slack.com\/files-tmb\/T970EQ935-F9QQA3RFA-0d19c965bf\/image_720.png?t=xoxe-313014825107-337442569633-339045379335-66643903eec3cd58e9fd7bf1582ce4bf",
            "thumb_720_w": 720,
            "thumb_720_h": 269,
            "thumb_800": "https:\/\/files.slack.com\/files-tmb\/T970EQ935-F9QQA3RFA-0d19c965bf\/image_800.png?t=xoxe-313014825107-337442569633-339045379335-66643903eec3cd58e9fd7bf1582ce4bf",
            "thumb_800_w": 800,
            "thumb_800_h": 299,
            "thumb_960": "https:\/\/files.slack.com\/files-tmb\/T970EQ935-F9QQA3RFA-0d19c965bf\/image_960.png?t=xoxe-313014825107-337442569633-339045379335-66643903eec3cd58e9fd7bf1582ce4bf",
            "thumb_960_w": 960,
            "thumb_960_h": 359,
            "thumb_1024": "https:\/\/files.slack.com\/files-tmb\/T970EQ935-F9QQA3RFA-0d19c965bf\/image_1024.png?t=xoxe-313014825107-337442569633-339045379335-66643903eec3cd58e9fd7bf1582ce4bf",
            "thumb_1024_w": 1024,
            "thumb_1024_h": 383,
            "image_exif_rotation": 1,
            "original_w": 1167,
            "original_h": 436,
            "permalink": "https:\/\/renegonbits.slack.com\/files\/U9BG6E16C\/F9QQA3RFA\/image.png",
            "permalink_public": "https:\/\/slack-files.com\/T970EQ935-F9QQA3RFA-602e90b27d",
            "channels": [],
            "groups": [],
            "ims": [],
            "comments_count": 0
        },
        "user": "U9BG6E16C",
        "upload": true,
        "display_as_bot": false,
        "username": "cscott71",
        "bot_id": null,
        "ts": "1521235243.000430"
    },
    {
        "type": "message",
        "user": "U9BG6E16C",
        "text": "Also, Mussa uploaded this on iCollege",
        "thread_ts": "1521235258.000321",
        "reply_count": 2,
        "replies": [
            {
                "user": "U9C5ZAJRF",
                "ts": "1521235299.000195"
            },
            {
                "user": "U9BG6E16C",
                "ts": "1521235348.000173"
            }
        ],
        "unread_count": 2,
        "ts": "1521235258.000321"
    },
    {
        "type": "message",
        "user": "U9C5ZAJRF",
        "text": "Yeah, Nish posted that in the other channel",
        "client_msg_id": "a092fd20-efe7-41ce-8d71-4d5299ae0b28",
        "thread_ts": "1521235258.000321",
        "parent_user_id": "U9BG6E16C",
        "ts": "1521235299.000195"
    },
    {
        "type": "message",
        "user": "U970EQ95H",
        "text": "Did anyone sign us up, or am I supposed to?",
        "client_msg_id": "1E42B590-F9F0-40FA-BE59-1781C076F150",
        "ts": "1521235331.000084"
    },
    {
        "type": "message",
        "user": "U9BG6E16C",
        "text": "oh I missed it lol",
        "thread_ts": "1521235258.000321",
        "parent_user_id": "U9BG6E16C",
        "ts": "1521235348.000173"
    },
    {
        "type": "message",
        "user": "U9C5ZAJRF",
        "text": "If you have the time :heart: am away rn",
        "client_msg_id": "cea18579-901b-4f42-bf66-684b03cd28d5",
        "ts": "1521235365.000122"
    },
    {
        "type": "message",
        "user": "U9BG6E16C",
        "text": "Mmm, it's a matter of whether we want to do it or not",
        "ts": "1521235366.000293"
    },
    {
        "type": "message",
        "user": "U9BG6E16C",
        "text": "I assume we all do?",
        "ts": "1521235373.000451"
    },
    {
        "type": "message",
        "user": "U9C5ZAJRF",
        "text": "I think we should. I need to at the very least",
        "client_msg_id": "0b72d346-5823-4a01-a042-33b1674a1445",
        "ts": "1521235385.000111"
    },
    {
        "type": "message",
        "user": "U970EQ95H",
        "text": "<!everyone> say whether or not you want to do the presentation for extra credit",
        "client_msg_id": "C7FECA02-DBDE-4332-AA08-5491908BEC59",
        "ts": "1521235436.000095",
        "reactions": [
            {
                "name": "+1",
                "users": [
                    "U9BG6E16C",
                    "U9789MP9B",
                    "U9C5ZAJRF"
                ],
                "count": 3
            }
        ]
    },
    {
        "type": "message",
        "user": "U970EQ95H",
        "text": "I’m fine with it",
        "client_msg_id": "73160EB8-510F-49B1-937A-9B877C75A77A",
        "ts": "1521235453.000065"
    },
    {
        "type": "message",
        "user": "U9C5ZAJRF",
        "text": "That's like a free 4 points on final grade off the top of my head.",
        "client_msg_id": "5ac29b39-bb03-4379-9859-611778294db9",
        "ts": "1521235464.000339"
    },
    {
        "type": "message",
        "user": "U9C5ZAJRF",
        "text": "I'm good for it!",
        "client_msg_id": "301bac43-b288-49bc-a42f-1fdfaecc881e",
        "ts": "1521235469.000498"
    },
    {
        "type": "message",
        "user": "U9C5ZAJRF",
        "text": "Did we do this <@U970EQ95H>",
        "client_msg_id": "96628fc2-7513-4ab8-918e-da1230849a99",
        "ts": "1521253897.000069"
    },
    {
        "type": "message",
        "user": "U970EQ95H",
        "text": "Yeah, I submitted",
        "ts": "1521262795.000026"
    }
]