[
    {
        "type": "message",
        "subtype": "pinned_item",
        "user": "U9BG6E16C",
        "item_type": "C",
        "attachments": [
            {
                "fallback": "[February 9th, 2018 11:04 PM] jherrera6: I also made a github repository for us at <https:\/\/github.com\/JasonHerrera\/Software-Engineering-Project>",
                "ts": "1518246280.000024",
                "author_id": "U970EQ95H",
                "author_subname": "Jason Herrera",
                "channel_id": "C96DLAQQG",
                "channel_name": "general",
                "is_msg_unfurl": true,
                "text": "I also made a github repository for us at <https:\/\/github.com\/JasonHerrera\/Software-Engineering-Project>",
                "author_name": "Jason Herrera",
                "author_link": "https:\/\/renegonbits.slack.com\/team\/U970EQ95H",
                "author_icon": "https:\/\/secure.gravatar.com\/avatar\/2937739bdb0ec0a564a2a54f0cfa5110.jpg?s=48&d=https%3A%2F%2Fa.slack-edge.com%2F66f9%2Fimg%2Favatars%2Fava_0013-48.png",
                "mrkdwn_in": [
                    "text"
                ]
            }
        ],
        "text": "<@U9BG6E16C> pinned a message to this channel.",
        "ts": "1522274264.000111"
    },
    {
        "type": "message",
        "subtype": "file_share",
        "text": "<@U9BG6E16C> uploaded a file: <https:\/\/renegonbits.slack.com\/files\/U9BG6E16C\/F9YMSDP46\/assignment_5_test_cases.docx|Assignment 5 Test Cases.docx>",
        "file": {
            "id": "F9YMSDP46",
            "created": 1522275157,
            "timestamp": 1522275157,
            "name": "Assignment 5 Test Cases.docx",
            "title": "Assignment 5 Test Cases.docx",
            "mimetype": "application\/vnd.openxmlformats-officedocument.wordprocessingml.document",
            "filetype": "docx",
            "pretty_type": "Word Document",
            "user": "U9BG6E16C",
            "editable": false,
            "size": 15223,
            "mode": "hosted",
            "is_external": false,
            "external_type": "",
            "is_public": true,
            "public_url_shared": false,
            "display_as_bot": false,
            "username": "",
            "url_private": "https:\/\/files.slack.com\/files-pri\/T970EQ935-F9YMSDP46\/assignment_5_test_cases.docx?t=xoxe-313014825107-337442569633-339045379335-66643903eec3cd58e9fd7bf1582ce4bf",
            "url_private_download": "https:\/\/files.slack.com\/files-pri\/T970EQ935-F9YMSDP46\/download\/assignment_5_test_cases.docx?t=xoxe-313014825107-337442569633-339045379335-66643903eec3cd58e9fd7bf1582ce4bf",
            "permalink": "https:\/\/renegonbits.slack.com\/files\/U9BG6E16C\/F9YMSDP46\/assignment_5_test_cases.docx",
            "permalink_public": "https:\/\/slack-files.com\/T970EQ935-F9YMSDP46-842e639f27",
            "channels": [],
            "groups": [],
            "ims": [],
            "comments_count": 0
        },
        "user": "U9BG6E16C",
        "upload": true,
        "display_as_bot": false,
        "username": "cscott71",
        "bot_id": null,
        "ts": "1522275157.000377"
    },
    {
        "type": "message",
        "user": "U970EQ95H",
        "text": "For our video for this assignment, let’s just have Chris and Nish talk about their test cases, Brian and Braxton can talk about the implementation, and I’ll talk about documentation",
        "client_msg_id": "C6C26F55-8FDA-4956-8D1C-8BA257C8293A",
        "ts": "1522281564.000039"
    },
    {
        "type": "message",
        "user": "U9C5ZAJRF",
        "text": "I like it",
        "client_msg_id": "23037419-e7a1-44f1-b0e3-1fffafb595f6",
        "ts": "1522282995.000216"
    },
    {
        "type": "message",
        "subtype": "file_share",
        "text": "<@U9789MP9B> uploaded a file: <https:\/\/renegonbits.slack.com\/files\/U9789MP9B\/F9Y3CJYDB\/vid_20180328_220632.mp4|VID_20180328_220632.mp4>",
        "file": {
            "id": "F9Y3CJYDB",
            "created": 1522289302,
            "timestamp": 1522289302,
            "name": "VID_20180328_220632.mp4",
            "title": "VID_20180328_220632.mp4",
            "mimetype": "video\/mp4",
            "filetype": "mp4",
            "pretty_type": "MPEG 4 Video",
            "user": "U9789MP9B",
            "editable": false,
            "size": 37466529,
            "mode": "hosted",
            "is_external": false,
            "external_type": "",
            "is_public": true,
            "public_url_shared": false,
            "display_as_bot": false,
            "username": "",
            "url_private": "https:\/\/files.slack.com\/files-pri\/T970EQ935-F9Y3CJYDB\/vid_20180328_220632.mp4?t=xoxe-313014825107-337442569633-339045379335-66643903eec3cd58e9fd7bf1582ce4bf",
            "url_private_download": "https:\/\/files.slack.com\/files-pri\/T970EQ935-F9Y3CJYDB\/download\/vid_20180328_220632.mp4?t=xoxe-313014825107-337442569633-339045379335-66643903eec3cd58e9fd7bf1582ce4bf",
            "permalink": "https:\/\/renegonbits.slack.com\/files\/U9789MP9B\/F9Y3CJYDB\/vid_20180328_220632.mp4",
            "permalink_public": "https:\/\/slack-files.com\/T970EQ935-F9Y3CJYDB-0c06f0f28b",
            "channels": [],
            "groups": [],
            "ims": [],
            "comments_count": 0
        },
        "user": "U9789MP9B",
        "upload": true,
        "display_as_bot": false,
        "username": "nsinha2",
        "bot_id": null,
        "ts": "1522289303.000251"
    },
    {
        "type": "message",
        "user": "U9C5ZAJRF",
        "text": "GOT POST SUBMISSION WORKING",
        "ts": "1522291558.000275"
    },
    {
        "type": "message",
        "user": "U9C5ZAJRF",
        "text": "EYYYYYYYYYY",
        "ts": "1522291560.000132"
    },
    {
        "type": "message",
        "user": "U9C5ZAJRF",
        "text": "Now its video time",
        "ts": "1522291574.000246"
    },
    {
        "type": "message",
        "user": "U9C5ZAJRF",
        "text": "<@U9BG6E16C> and <@U970EQ95H> videos?",
        "ts": "1522291899.000258"
    },
    {
        "type": "message",
        "user": "U9BG6E16C",
        "text": "Shit sorry. I gotta make it real quick",
        "client_msg_id": "5bad8047-4c73-4442-94b9-47a2fd56e050",
        "ts": "1522291964.000069"
    },
    {
        "type": "message",
        "user": "U9C5ZAJRF",
        "text": "youre good, just watch Nishs so you dont repeat",
        "ts": "1522291981.000092"
    },
    {
        "type": "message",
        "user": "U9BG6E16C",
        "text": "Yeah. I'm at a friend's house all night so I won't be able to edit it.",
        "client_msg_id": "ec617fc6-9efc-4511-9dd0-50f807087ab8",
        "ts": "1522292020.000222"
    },
    {
        "type": "message",
        "user": "U9C5ZAJRF",
        "text": "Not an issue, I can cut and edit over here :smile:",
        "ts": "1522292036.000104"
    },
    {
        "type": "message",
        "user": "U9BG6E16C",
        "text": "Okay cool",
        "client_msg_id": "042485d5-2485-4997-a701-c0a6d62514f2",
        "ts": "1522292044.000100"
    },
    {
        "type": "message",
        "user": "U970EQ95H",
        "text": "I'll get mine done really quick",
        "ts": "1522292137.000030"
    },
    {
        "type": "message",
        "subtype": "file_share",
        "text": "<@U970EQ95H> uploaded a file: <https:\/\/renegonbits.slack.com\/files\/U970EQ95H\/F9X88LFCG\/assignment5.mp4|Assignment5.mp4>",
        "file": {
            "id": "F9X88LFCG",
            "created": 1522293308,
            "timestamp": 1522293308,
            "name": "Assignment5.mp4",
            "title": "Assignment5.mp4",
            "mimetype": "video\/mp4",
            "filetype": "mp4",
            "pretty_type": "MPEG 4 Video",
            "user": "U970EQ95H",
            "editable": false,
            "size": 15911655,
            "mode": "hosted",
            "is_external": false,
            "external_type": "",
            "is_public": true,
            "public_url_shared": false,
            "display_as_bot": false,
            "username": "",
            "url_private": "https:\/\/files.slack.com\/files-pri\/T970EQ935-F9X88LFCG\/assignment5.mp4?t=xoxe-313014825107-337442569633-339045379335-66643903eec3cd58e9fd7bf1582ce4bf",
            "url_private_download": "https:\/\/files.slack.com\/files-pri\/T970EQ935-F9X88LFCG\/download\/assignment5.mp4?t=xoxe-313014825107-337442569633-339045379335-66643903eec3cd58e9fd7bf1582ce4bf",
            "permalink": "https:\/\/renegonbits.slack.com\/files\/U970EQ95H\/F9X88LFCG\/assignment5.mp4",
            "permalink_public": "https:\/\/slack-files.com\/T970EQ935-F9X88LFCG-3a1356137c",
            "channels": [],
            "groups": [],
            "ims": [],
            "comments_count": 0
        },
        "user": "U970EQ95H",
        "upload": true,
        "display_as_bot": false,
        "username": "jherrera6",
        "bot_id": null,
        "ts": "1522293309.000121"
    }
]