[
    {
        "type": "message",
        "user": "U9D1J4RJS",
        "text": "Link to site hosted on heroku: <http:\/\/mighty-brushlands-50705.herokuapp.com|mighty-brushlands-50705.herokuapp.com>\nMy Backend Repo: <http:\/\/github.com\/bcabio\/SWEServer|github.com\/bcabio\/SWEServer>",
        "ts": "1520775435.000071"
    },
    {
        "type": "message",
        "user": "U9D1J4RJS",
        "text": "Goodnight",
        "ts": "1520775438.000045"
    },
    {
        "type": "message",
        "user": "U9D1J4RJS",
        "text": "lol",
        "ts": "1520775440.000090"
    },
    {
        "type": "message",
        "user": "U9789MP9B",
        "text": "We literally have a class called Animal. I feel like this is programming 101 now",
        "ts": "1520791713.000059"
    },
    {
        "type": "message",
        "user": "U9789MP9B",
        "text": "<@U970EQ95H> how is display animal different from display post? They follow the same structure. Are they different use cases? like is display animal the search feature?",
        "edited": {
            "user": "U9789MP9B",
            "ts": "1520792026.000000"
        },
        "ts": "1520791979.000011"
    },
    {
        "type": "message",
        "user": "U970EQ95H",
        "text": "Display animal is for querying the database. Display post is for looking at people’s posts",
        "client_msg_id": "86E923C3-30F5-45F0-A21E-86F83DE6476E",
        "ts": "1520792328.000145"
    },
    {
        "type": "message",
        "user": "U9789MP9B",
        "text": "Should I make a video on the display animal then? It follow the same diagram though...",
        "ts": "1520792360.000123"
    },
    {
        "type": "message",
        "user": "U970EQ95H",
        "text": "Did you see the sequence diagrams I posted?",
        "client_msg_id": "F14E0C14-9826-4008-ABC3-10C50A21E008",
        "ts": "1520792403.000137"
    },
    {
        "type": "message",
        "user": "U9789MP9B",
        "text": "Yeah",
        "ts": "1520792411.000119"
    },
    {
        "type": "message",
        "user": "U9789MP9B",
        "text": "That's what I'm looking at",
        "ts": "1520792417.000040"
    },
    {
        "type": "message",
        "user": "U9789MP9B",
        "text": "Oh wait. The sequence diagram is made but we didn't implement the query feature yet. NVM",
        "ts": "1520792875.000119"
    },
    {
        "type": "message",
        "user": "U970EQ95H",
        "text": "Look at the thread in that post of mine. Braxton was saying talk about why we chose the language and things like that",
        "client_msg_id": "2531A2B4-5674-4107-A3E9-E74F77B6D3CC",
        "ts": "1520793396.000004"
    },
    {
        "type": "message",
        "user": "U9789MP9B",
        "text": "Ok I'm going to talk about our language and framework choice and architecture choice. <@U970EQ95H> can you give me what you have written in the report for client-server?",
        "ts": "1520793407.000107"
    },
    {
        "type": "message",
        "user": "U970EQ95H",
        "text": "Sorry, I can’t right now. I pretty much just wrote that we’re using a client-server architecture and made a diagram. It wasn’t much",
        "client_msg_id": "6E193CB5-C7CB-4199-B45C-42DB20EB9CF7",
        "ts": "1520793724.000086",
        "reactions": [
            {
                "name": "+1",
                "users": [
                    "U9789MP9B"
                ],
                "count": 1
            }
        ]
    },
    {
        "type": "message",
        "subtype": "file_share",
        "text": "<@U9789MP9B> uploaded a file: <https:\/\/renegonbits.slack.com\/files\/U9789MP9B\/F9P3XE1AB\/vid_20180311_123130.mp4|VID_20180311_123130.mp4>",
        "file": {
            "id": "F9P3XE1AB",
            "created": 1520796767,
            "timestamp": 1520796767,
            "name": "VID_20180311_123130.mp4",
            "title": "VID_20180311_123130.mp4",
            "mimetype": "video\/mp4",
            "filetype": "mp4",
            "pretty_type": "MPEG 4 Video",
            "user": "U9789MP9B",
            "editable": false,
            "size": 66202668,
            "mode": "hosted",
            "is_external": false,
            "external_type": "",
            "is_public": true,
            "public_url_shared": false,
            "display_as_bot": false,
            "username": "",
            "url_private": "https:\/\/files.slack.com\/files-pri\/T970EQ935-F9P3XE1AB\/vid_20180311_123130.mp4?t=xoxe-313014825107-337442569633-339045379335-66643903eec3cd58e9fd7bf1582ce4bf",
            "url_private_download": "https:\/\/files.slack.com\/files-pri\/T970EQ935-F9P3XE1AB\/download\/vid_20180311_123130.mp4?t=xoxe-313014825107-337442569633-339045379335-66643903eec3cd58e9fd7bf1582ce4bf",
            "permalink": "https:\/\/renegonbits.slack.com\/files\/U9789MP9B\/F9P3XE1AB\/vid_20180311_123130.mp4",
            "permalink_public": "https:\/\/slack-files.com\/T970EQ935-F9P3XE1AB-fc3e0d0039",
            "channels": [],
            "groups": [],
            "ims": [],
            "comments_count": 0
        },
        "user": "U9789MP9B",
        "upload": true,
        "display_as_bot": false,
        "username": "nsinha2",
        "bot_id": null,
        "ts": "1520796771.000079"
    }
]