[
    {
        "type": "message",
        "user": "U9C5ZAJRF",
        "text": "So Brian and I are taking a crack at it right now",
        "ts": "1521605255.000149"
    },
    {
        "type": "message",
        "user": "U9C5ZAJRF",
        "text": "Implementing what we can!",
        "ts": "1521605263.000125"
    },
    {
        "type": "message",
        "user": "U9C5ZAJRF",
        "text": "Hey <@U970EQ95H> Did you forget to upload A4 document to GitHub?",
        "ts": "1521605930.000141"
    }
]