[
    {
        "type": "message",
        "user": "U970EQ95H",
        "text": "Yea, sorry. It’s up now",
        "client_msg_id": "5F3AAAA4-7790-4DBA-B8B8-06932A7AFBC6",
        "ts": "1521636580.000020"
    },
    {
        "type": "message",
        "user": "U9BG6E16C",
        "text": "Reminder: Assigment extended to Wednesday",
        "client_msg_id": "76320adf-b885-4898-8586-e3346b01937d",
        "ts": "1521664684.000742"
    },
    {
        "type": "message",
        "user": "U9C5ZAJRF",
        "text": "EYYYYYYYYYYYYYYYY",
        "ts": "1521664697.000013"
    },
    {
        "type": "message",
        "user": "U9C5ZAJRF",
        "text": "WE WERE IN THE ROOM SKIPPING SWE TO WORK ON IT",
        "edited": {
            "user": "U9C5ZAJRF",
            "ts": "1521664723.000000"
        },
        "ts": "1521664703.000531"
    },
    {
        "type": "message",
        "user": "U9C5ZAJRF",
        "text": "AWK",
        "ts": "1521664705.000026"
    },
    {
        "type": "message",
        "user": "U9C5ZAJRF",
        "text": "Praise be to Mussa",
        "ts": "1521664728.000760"
    },
    {
        "type": "message",
        "user": "U9BG6E16C",
        "text": "Lmao yeah",
        "client_msg_id": "cd7b72ed-4617-46e6-a1c6-5b50e0d5f643",
        "ts": "1521664983.000244"
    }
]