[
    {
        "type": "message",
        "user": "U9D1J4RJS",
        "text": "What's there to do for assignment 5",
        "ts": "1521340834.000031"
    },
    {
        "type": "message",
        "user": "U9D1J4RJS",
        "text": "Implement more things? Or something else",
        "ts": "1521340852.000082"
    },
    {
        "type": "message",
        "user": "U9D1J4RJS",
        "text": "Huh. Didn't know you could do that lol just looked it up",
        "thread_ts": "1520731024.000014",
        "parent_user_id": "U9D1J4RJS",
        "ts": "1521340910.000051"
    },
    {
        "type": "message",
        "user": "U9C5ZAJRF",
        "text": "I have been fiddling with the front end just to mess around and try and get more experienced. I think I'll have more time tomorrow after OS homework",
        "client_msg_id": "11350f3d-2f84-4ba2-9ccc-2d80607fbddc",
        "ts": "1521342116.000033"
    },
    {
        "type": "message",
        "user": "U970EQ95H",
        "text": "Yes, it's just implement the rest of the system",
        "ts": "1521349285.000048"
    }
]