[
    {
        "type": "message",
        "user": "U9BG6E16C",
        "text": "Wait... <@U9789MP9B> did you do all the test cases already? O_o",
        "ts": "1522190849.000061"
    },
    {
        "type": "message",
        "user": "U9BG6E16C",
        "text": "Also, is the web app actually hosted somewhere for use?",
        "ts": "1522191074.000344"
    },
    {
        "type": "message",
        "user": "U970EQ95H",
        "text": "Yes, look at the message I just starred for the url",
        "client_msg_id": "35A5EC47-8575-4909-A7F9-BE65BB319573",
        "ts": "1522191266.000056"
    },
    {
        "type": "message",
        "user": "U9BG6E16C",
        "text": "I think starring things on Slack is client-based",
        "ts": "1522191325.000082"
    },
    {
        "type": "message",
        "user": "U9BG6E16C",
        "text": "You need to pin it",
        "ts": "1522191330.000091"
    },
    {
        "type": "message",
        "user": "U9BG6E16C",
        "text": "It just says I haven't starred anything yet",
        "ts": "1522191344.000380"
    },
    {
        "type": "message",
        "subtype": "pinned_item",
        "user": "U9BG6E16C",
        "item_type": "C",
        "attachments": [
            {
                "fallback": "[March 11th, 2018 6:37 AM] bcabigonsoliber1: Link to site hosted on heroku: <http:\/\/mighty-brushlands-50705.herokuapp.com|mighty-brushlands-50705.herokuapp.com>\nMy Backend Repo: <http:\/\/github.com\/bcabio\/SWEServer|github.com\/bcabio\/SWEServer>",
                "ts": "1520775435.000071",
                "author_id": "U9D1J4RJS",
                "author_subname": "Brian Cabigon",
                "channel_id": "C96DLAQQG",
                "channel_name": "general",
                "is_msg_unfurl": true,
                "text": "Link to site hosted on heroku: <http:\/\/mighty-brushlands-50705.herokuapp.com|mighty-brushlands-50705.herokuapp.com>\nMy Backend Repo: <http:\/\/github.com\/bcabio\/SWEServer|github.com\/bcabio\/SWEServer>",
                "author_name": "Brian Cabigon",
                "author_link": "https:\/\/renegonbits.slack.com\/team\/U9D1J4RJS",
                "author_icon": "https:\/\/secure.gravatar.com\/avatar\/5209d23723839c30f54773820c45c5c2.jpg?s=48&d=https%3A%2F%2Fa.slack-edge.com%2F66f9%2Fimg%2Favatars%2Fava_0016-48.png",
                "mrkdwn_in": [
                    "text"
                ]
            }
        ],
        "text": "<@U9BG6E16C> pinned a message to this channel.",
        "ts": "1522191386.000220"
    },
    {
        "type": "message",
        "user": "U9BG6E16C",
        "text": "found and pinned it, thanks",
        "ts": "1522191401.000029"
    },
    {
        "type": "message",
        "user": "U970EQ95H",
        "text": "Thanks. Apparently I can’t pin on mobile",
        "client_msg_id": "9C957BD6-5112-48CA-840E-8AFCD512E1A8",
        "ts": "1522191451.000035"
    },
    {
        "type": "message",
        "user": "U9C5ZAJRF",
        "text": "Oh yeah, stars are personal, pins are public to the channel",
        "client_msg_id": "985740b5-b7fe-40b2-84b9-4db6322dd3ee",
        "ts": "1522196214.000175"
    },
    {
        "type": "message",
        "user": "U9789MP9B",
        "text": "I have not <@U9BG6E16C> I just made the files for them. I'm not so sure on what to do for the body of the tests tbh",
        "client_msg_id": "e7f1c826-5b92-4105-bf46-ae54656bc71c",
        "ts": "1522198384.000219"
    },
    {
        "type": "message",
        "user": "U9BG6E16C",
        "text": "I talked to Jason and he basically just said to actually test the test cases and any bugs we write down via that format in the assignment",
        "ts": "1522198436.000119"
    },
    {
        "type": "message",
        "user": "U9BG6E16C",
        "text": "I don't think we're even coding anything",
        "ts": "1522198441.000228"
    },
    {
        "type": "message",
        "user": "U9789MP9B",
        "text": "You're right, we aren't coding, and the tests are pretty simple to write but I'm just not sure what to test since the code we have so far doesn't really have any basic functions to test other than making sure the queries for the database work and stuff displays on screen.",
        "ts": "1522199539.000180"
    },
    {
        "type": "message",
        "user": "U9789MP9B",
        "text": "I mean, I guess we could test that?",
        "ts": "1522199545.000269"
    },
    {
        "type": "message",
        "user": "U9BG6E16C",
        "text": "Mmmm I guess...?",
        "ts": "1522200112.000025"
    },
    {
        "type": "message",
        "user": "U9BG6E16C",
        "text": "I mean, I tested different cases for logging in and\/or creating an account",
        "ts": "1522200127.000220"
    },
    {
        "type": "message",
        "user": "U9BG6E16C",
        "text": "That was pretty much all there is",
        "ts": "1522200131.000229"
    },
    {
        "type": "message",
        "user": "U9BG6E16C",
        "text": "The other thing was seeing posts",
        "ts": "1522200134.000174"
    },
    {
        "type": "message",
        "user": "U9BG6E16C",
        "text": "Which doesn't do anything - the only test case is seeing it or not, which you can lol",
        "ts": "1522200149.000101"
    },
    {
        "type": "message",
        "user": "U9789MP9B",
        "text": "We can still write a test for that.",
        "ts": "1522200386.000104"
    },
    {
        "type": "message",
        "user": "U9BG6E16C",
        "text": "What exactly do you mean \"write a test\"?",
        "ts": "1522200508.000107"
    },
    {
        "type": "message",
        "user": "U9BG6E16C",
        "text": "Just like, document what we tested?",
        "ts": "1522200513.000131"
    },
    {
        "type": "message",
        "user": "U9789MP9B",
        "text": "Like using a testing framework. I thought that was what we were supposed to do?",
        "ts": "1522200869.000259"
    },
    {
        "type": "message",
        "user": "U9789MP9B",
        "text": "Unit testing",
        "ts": "1522200873.000117"
    },
    {
        "type": "message",
        "user": "U9BG6E16C",
        "text": "Idk what that really entails lol",
        "ts": "1522203115.000105"
    },
    {
        "type": "message",
        "user": "U9789MP9B",
        "text": "Look at App.test.js for an example",
        "ts": "1522203213.000278"
    },
    {
        "type": "message",
        "user": "U9789MP9B",
        "text": "you can run it with `npm test`",
        "ts": "1522203224.000139"
    },
    {
        "type": "message",
        "user": "U9789MP9B",
        "text": "although it'll probably say 4 test suites failed because I haven't written anything for the other *.tests.js files",
        "ts": "1522203256.000267"
    }
]