[
    {
        "id": "C970F4UCT",
        "name": "discussion",
        "created": "1518245916",
        "creator": "U970EQ95H",
        "is_archived": false,
        "is_general": false,
        "members": [
            "U970EQ95H"
        ],
        "topic": {
            "value": "",
            "creator": "",
            "last_set": "0"
        },
        "purpose": {
            "value": "",
            "creator": "",
            "last_set": "0"
        }
    },
    {
        "id": "C96DLAQQG",
        "name": "general",
        "created": "1518245696",
        "creator": "U970EQ95H",
        "is_archived": false,
        "is_general": true,
        "members": [
            "U970EQ95H",
            "U9789MP9B"
        ],
        "topic": {
            "value": "Company-wide announcements and work-based matters",
            "creator": "U970EQ95H",
            "last_set": "1518245696"
        },
        "purpose": {
            "value": "This channel is for workspace-wide communication and announcements. All members are in this channel.",
            "creator": "U970EQ95H",
            "last_set": "1518245696"
        }
    },
    {
        "id": "C97UENUMC",
        "name": "random",
        "created": "1518245697",
        "creator": "U970EQ95H",
        "is_archived": false,
        "is_general": false,
        "members": [
            "U970EQ95H",
            "U9789MP9B"
        ],
        "topic": {
            "value": "Non-work banter and water cooler conversation",
            "creator": "U970EQ95H",
            "last_set": "1518245697"
        },
        "purpose": {
            "value": "A place for non-work-related flimflam, faffing, hodge-podge or jibber-jabber you'd prefer to keep out of more focused work-related channels.",
            "creator": "U970EQ95H",
            "last_set": "1518245697"
        }
    }
]