[
    {
        "id": "U970EQ95H",
        "team_id": "T970EQ935",
        "name": "jherrera6",
        "deleted": false,
        "color": "9f69e7",
        "real_name": "Jason Herrera",
        "tz": "America\/New_York",
        "tz_label": "Eastern Standard Time",
        "tz_offset": -18000,
        "profile": {
            "title": "",
            "phone": "",
            "skype": "",
            "real_name": "Jason Herrera",
            "real_name_normalized": "Jason Herrera",
            "display_name": "",
            "display_name_normalized": "",
            "fields": null,
            "status_text": "",
            "status_emoji": "",
            "avatar_hash": "g2937739bdb0",
            "email": "jherrera6@student.gsu.edu",
            "image_24": "https:\/\/secure.gravatar.com\/avatar\/2937739bdb0ec0a564a2a54f0cfa5110.jpg?s=24&d=https%3A%2F%2Fa.slack-edge.com%2F66f9%2Fimg%2Favatars%2Fava_0013-24.png",
            "image_32": "https:\/\/secure.gravatar.com\/avatar\/2937739bdb0ec0a564a2a54f0cfa5110.jpg?s=32&d=https%3A%2F%2Fa.slack-edge.com%2F0180%2Fimg%2Favatars%2Fava_0013-32.png",
            "image_48": "https:\/\/secure.gravatar.com\/avatar\/2937739bdb0ec0a564a2a54f0cfa5110.jpg?s=48&d=https%3A%2F%2Fa.slack-edge.com%2F66f9%2Fimg%2Favatars%2Fava_0013-48.png",
            "image_72": "https:\/\/secure.gravatar.com\/avatar\/2937739bdb0ec0a564a2a54f0cfa5110.jpg?s=72&d=https%3A%2F%2Fa.slack-edge.com%2F66f9%2Fimg%2Favatars%2Fava_0013-72.png",
            "image_192": "https:\/\/secure.gravatar.com\/avatar\/2937739bdb0ec0a564a2a54f0cfa5110.jpg?s=192&d=https%3A%2F%2Fa.slack-edge.com%2F7fa9%2Fimg%2Favatars%2Fava_0013-192.png",
            "image_512": "https:\/\/secure.gravatar.com\/avatar\/2937739bdb0ec0a564a2a54f0cfa5110.jpg?s=512&d=https%3A%2F%2Fa.slack-edge.com%2F7fa9%2Fimg%2Favatars%2Fava_0013-512.png",
            "team": "T970EQ935"
        },
        "is_admin": true,
        "is_owner": true,
        "is_primary_owner": true,
        "is_restricted": false,
        "is_ultra_restricted": false,
        "is_bot": false,
        "updated": 1518245696,
        "is_app_user": false
    },
    {
        "id": "U9789MP9B",
        "team_id": "T970EQ935",
        "name": "nsinha2",
        "deleted": false,
        "color": "4bbe2e",
        "real_name": "Nishant Sinha",
        "tz": "America\/New_York",
        "tz_label": "Eastern Standard Time",
        "tz_offset": -18000,
        "profile": {
            "title": "",
            "phone": "",
            "skype": "",
            "real_name": "Nishant Sinha",
            "real_name_normalized": "Nishant Sinha",
            "display_name": "Nish",
            "display_name_normalized": "Nish",
            "fields": null,
            "status_text": "",
            "status_emoji": "",
            "avatar_hash": "gdbef97b3c12",
            "email": "nsinha2@student.gsu.edu",
            "image_24": "https:\/\/secure.gravatar.com\/avatar\/dbef97b3c12f0bf9dfed35aa3a14dc5c.jpg?s=24&d=https%3A%2F%2Fa.slack-edge.com%2F66f9%2Fimg%2Favatars%2Fava_0001-24.png",
            "image_32": "https:\/\/secure.gravatar.com\/avatar\/dbef97b3c12f0bf9dfed35aa3a14dc5c.jpg?s=32&d=https%3A%2F%2Fa.slack-edge.com%2F66f9%2Fimg%2Favatars%2Fava_0001-32.png",
            "image_48": "https:\/\/secure.gravatar.com\/avatar\/dbef97b3c12f0bf9dfed35aa3a14dc5c.jpg?s=48&d=https%3A%2F%2Fa.slack-edge.com%2F0180%2Fimg%2Favatars%2Fava_0001-48.png",
            "image_72": "https:\/\/secure.gravatar.com\/avatar\/dbef97b3c12f0bf9dfed35aa3a14dc5c.jpg?s=72&d=https%3A%2F%2Fa.slack-edge.com%2F3654%2Fimg%2Favatars%2Fava_0001-72.png",
            "image_192": "https:\/\/secure.gravatar.com\/avatar\/dbef97b3c12f0bf9dfed35aa3a14dc5c.jpg?s=192&d=https%3A%2F%2Fa.slack-edge.com%2F7fa9%2Fimg%2Favatars%2Fava_0001-192.png",
            "image_512": "https:\/\/secure.gravatar.com\/avatar\/dbef97b3c12f0bf9dfed35aa3a14dc5c.jpg?s=512&d=https%3A%2F%2Fa.slack-edge.com%2F7fa9%2Fimg%2Favatars%2Fava_0001-512.png",
            "team": "T970EQ935"
        },
        "is_admin": false,
        "is_owner": false,
        "is_primary_owner": false,
        "is_restricted": false,
        "is_ultra_restricted": false,
        "is_bot": false,
        "updated": 1518269224,
        "is_app_user": false
    }
]