[
    {
        "type": "message",
        "user": "U9BG6E16C",
        "text": "So in terms of UI what do we want to focus on <@U970EQ95H>",
        "client_msg_id": "052aec35-ba2c-42e6-b006-e763fd56a4f6",
        "ts": "1523382385.000595"
    },
    {
        "type": "message",
        "user": "U9BG6E16C",
        "text": "The page layout primarily I assume",
        "client_msg_id": "b61cfc80-0677-4be2-b70b-63c9ba5ebbbb",
        "ts": "1523382402.000286"
    },
    {
        "type": "message",
        "user": "U970EQ95H",
        "text": "Yeah, just make the page look presentable",
        "client_msg_id": "41900A0A-312E-4C3F-9D1D-68AAB335DA44",
        "ts": "1523382465.000310"
    },
    {
        "type": "message",
        "user": "U9BG6E16C",
        "text": "Yeah I'm just trying to see if we're super focused on something pretty or something practical",
        "client_msg_id": "8a81ff25-d733-4c92-a8fa-7ea2de8285fc",
        "ts": "1523382525.000146"
    },
    {
        "type": "message",
        "user": "U9BG6E16C",
        "text": "With the limited time I think functionality on the front end is most important, so the visual aesthetic may be lacking",
        "client_msg_id": "9e2a0c50-a1ac-4416-984f-96bb44017485",
        "ts": "1523382564.000778"
    },
    {
        "type": "message",
        "user": "U9D1J4RJS",
        "text": "Well functionality is me",
        "client_msg_id": "5e4b1ab2-22c2-452a-b6db-bd7211ef1d4e",
        "ts": "1523382595.000433"
    },
    {
        "type": "message",
        "user": "U9D1J4RJS",
        "text": "Just put something together that looks good and has the right fields and places for things (so like login has the text inputs for user, email etc) and i'l just plug it into react",
        "client_msg_id": "e94d14ae-1304-45fc-8a44-db955981379f",
        "ts": "1523382629.000455"
    },
    {
        "type": "message",
        "user": "U9BG6E16C",
        "text": "Yeah I meant something functional as in pragmatic for a user",
        "client_msg_id": "035d2d3c-6492-4357-b6b6-73de477a6fca",
        "ts": "1523382659.000765"
    },
    {
        "type": "message",
        "user": "U9BG6E16C",
        "text": "How easy would it be to change what information is provided on an animal's post?",
        "client_msg_id": "85116d0c-2719-46ff-99c5-eb2bba8fce15",
        "ts": "1523383293.000593"
    },
    {
        "type": "message",
        "user": "U9BG6E16C",
        "text": "If we wanted to add some extra fields",
        "client_msg_id": "b230706f-3921-46ab-af64-bb1bd494db8f",
        "ts": "1523383306.001042"
    },
    {
        "type": "message",
        "user": "U9BG6E16C",
        "text": "Like animal type for example (dog, cat, etc.)",
        "client_msg_id": "74661755-4dda-40ee-a8fc-c6cb4b397c59",
        "ts": "1523383324.000280"
    },
    {
        "type": "message",
        "user": "U9BG6E16C",
        "text": "<@U9D1J4RJS>",
        "client_msg_id": "7351c18f-f635-49da-bb46-002f1eca4204",
        "ts": "1523383496.000344"
    },
    {
        "type": "message",
        "user": "U9D1J4RJS",
        "text": "Not hard i don't think",
        "client_msg_id": "86450c0c-d2c1-432b-8d4f-30e0ee1a08af",
        "ts": "1523383517.000545"
    },
    {
        "type": "message",
        "user": "U9BG6E16C",
        "text": "Mmk. I'll show you my mockup with all that later then",
        "client_msg_id": "21b1434f-63fa-4c69-b71f-23d7dde1b58c",
        "ts": "1523383541.000068"
    },
    {
        "type": "message",
        "user": "U9BG6E16C",
        "text": "What functionality are we missing? Also, how can I make dummy posts and accounts and whatnot? <@U9D1J4RJS>",
        "ts": "1523410498.000301"
    },
    {
        "type": "message",
        "user": "U9BG6E16C",
        "text": "I can't really do CSS without dummy posts",
        "ts": "1523410523.000157"
    },
    {
        "type": "message",
        "user": "U9789MP9B",
        "text": "If it's just CSS and you have designs <@U9BG6E16C> I can do it",
        "client_msg_id": "5bdad96c-039d-4753-9f62-e41cc82ff206",
        "ts": "1523412007.000168"
    },
    {
        "type": "message",
        "user": "U9BG6E16C",
        "text": "I have drawings basically",
        "ts": "1523412070.000040"
    },
    {
        "type": "message",
        "user": "U9BG6E16C",
        "text": "As far as layout goes atm",
        "ts": "1523412080.000238"
    },
    {
        "type": "message",
        "subtype": "file_share",
        "text": "<@U9BG6E16C> uploaded a file: <https:\/\/renegonbits.slack.com\/files\/U9BG6E16C\/FA5MN14Q7\/img_20180410_224739.jpg|IMG_20180410_224739.jpg>",
        "file": {
            "id": "FA5MN14Q7",
            "created": 1523414888,
            "timestamp": 1523414888,
            "name": "IMG_20180410_224739.jpg",
            "title": "IMG_20180410_224739.jpg",
            "mimetype": "image\/jpeg",
            "filetype": "jpg",
            "pretty_type": "JPEG",
            "user": "U9BG6E16C",
            "editable": false,
            "size": 3709852,
            "mode": "hosted",
            "is_external": false,
            "external_type": "",
            "is_public": true,
            "public_url_shared": false,
            "display_as_bot": false,
            "username": "",
            "url_private": "https:\/\/files.slack.com\/files-pri\/T970EQ935-FA5MN14Q7\/img_20180410_224739.jpg?t=xoxe-313014825107-346247768849-346247768897-2232e62bdbe2aa520b5b67ca8332cf3d",
            "url_private_download": "https:\/\/files.slack.com\/files-pri\/T970EQ935-FA5MN14Q7\/download\/img_20180410_224739.jpg?t=xoxe-313014825107-346247768849-346247768897-2232e62bdbe2aa520b5b67ca8332cf3d",
            "thumb_64": "https:\/\/files.slack.com\/files-tmb\/T970EQ935-FA5MN14Q7-fdddec5b22\/img_20180410_224739_64.jpg?t=xoxe-313014825107-346247768849-346247768897-2232e62bdbe2aa520b5b67ca8332cf3d",
            "thumb_80": "https:\/\/files.slack.com\/files-tmb\/T970EQ935-FA5MN14Q7-fdddec5b22\/img_20180410_224739_80.jpg?t=xoxe-313014825107-346247768849-346247768897-2232e62bdbe2aa520b5b67ca8332cf3d",
            "thumb_360": "https:\/\/files.slack.com\/files-tmb\/T970EQ935-FA5MN14Q7-fdddec5b22\/img_20180410_224739_360.jpg?t=xoxe-313014825107-346247768849-346247768897-2232e62bdbe2aa520b5b67ca8332cf3d",
            "thumb_360_w": 270,
            "thumb_360_h": 360,
            "thumb_480": "https:\/\/files.slack.com\/files-tmb\/T970EQ935-FA5MN14Q7-fdddec5b22\/img_20180410_224739_480.jpg?t=xoxe-313014825107-346247768849-346247768897-2232e62bdbe2aa520b5b67ca8332cf3d",
            "thumb_480_w": 360,
            "thumb_480_h": 480,
            "thumb_160": "https:\/\/files.slack.com\/files-tmb\/T970EQ935-FA5MN14Q7-fdddec5b22\/img_20180410_224739_160.jpg?t=xoxe-313014825107-346247768849-346247768897-2232e62bdbe2aa520b5b67ca8332cf3d",
            "thumb_720": "https:\/\/files.slack.com\/files-tmb\/T970EQ935-FA5MN14Q7-fdddec5b22\/img_20180410_224739_720.jpg?t=xoxe-313014825107-346247768849-346247768897-2232e62bdbe2aa520b5b67ca8332cf3d",
            "thumb_720_w": 540,
            "thumb_720_h": 720,
            "thumb_800": "https:\/\/files.slack.com\/files-tmb\/T970EQ935-FA5MN14Q7-fdddec5b22\/img_20180410_224739_800.jpg?t=xoxe-313014825107-346247768849-346247768897-2232e62bdbe2aa520b5b67ca8332cf3d",
            "thumb_800_w": 800,
            "thumb_800_h": 1067,
            "thumb_960": "https:\/\/files.slack.com\/files-tmb\/T970EQ935-FA5MN14Q7-fdddec5b22\/img_20180410_224739_960.jpg?t=xoxe-313014825107-346247768849-346247768897-2232e62bdbe2aa520b5b67ca8332cf3d",
            "thumb_960_w": 720,
            "thumb_960_h": 960,
            "thumb_1024": "https:\/\/files.slack.com\/files-tmb\/T970EQ935-FA5MN14Q7-fdddec5b22\/img_20180410_224739_1024.jpg?t=xoxe-313014825107-346247768849-346247768897-2232e62bdbe2aa520b5b67ca8332cf3d",
            "thumb_1024_w": 768,
            "thumb_1024_h": 1024,
            "image_exif_rotation": 1,
            "original_w": 4032,
            "original_h": 3024,
            "permalink": "https:\/\/renegonbits.slack.com\/files\/U9BG6E16C\/FA5MN14Q7\/img_20180410_224739.jpg",
            "permalink_public": "https:\/\/slack-files.com\/T970EQ935-FA5MN14Q7-f4f1838e64",
            "channels": [],
            "groups": [],
            "ims": [],
            "comments_count": 0
        },
        "user": "U9BG6E16C",
        "upload": true,
        "display_as_bot": false,
        "username": "cscott71",
        "bot_id": null,
        "ts": "1523414894.000029"
    },
    {
        "type": "message",
        "subtype": "file_share",
        "text": "<@U9BG6E16C> uploaded a file: <https:\/\/renegonbits.slack.com\/files\/U9BG6E16C\/FA4454WBT\/img_20180410_224819.jpg|IMG_20180410_224819.jpg>",
        "file": {
            "id": "FA4454WBT",
            "created": 1523414992,
            "timestamp": 1523414992,
            "name": "IMG_20180410_224819.jpg",
            "title": "IMG_20180410_224819.jpg",
            "mimetype": "image\/jpeg",
            "filetype": "jpg",
            "pretty_type": "JPEG",
            "user": "U9BG6E16C",
            "editable": false,
            "size": 4657361,
            "mode": "hosted",
            "is_external": false,
            "external_type": "",
            "is_public": true,
            "public_url_shared": false,
            "display_as_bot": false,
            "username": "",
            "url_private": "https:\/\/files.slack.com\/files-pri\/T970EQ935-FA4454WBT\/img_20180410_224819.jpg?t=xoxe-313014825107-346247768849-346247768897-2232e62bdbe2aa520b5b67ca8332cf3d",
            "url_private_download": "https:\/\/files.slack.com\/files-pri\/T970EQ935-FA4454WBT\/download\/img_20180410_224819.jpg?t=xoxe-313014825107-346247768849-346247768897-2232e62bdbe2aa520b5b67ca8332cf3d",
            "thumb_64": "https:\/\/files.slack.com\/files-tmb\/T970EQ935-FA4454WBT-34a0085d4a\/img_20180410_224819_64.jpg?t=xoxe-313014825107-346247768849-346247768897-2232e62bdbe2aa520b5b67ca8332cf3d",
            "thumb_80": "https:\/\/files.slack.com\/files-tmb\/T970EQ935-FA4454WBT-34a0085d4a\/img_20180410_224819_80.jpg?t=xoxe-313014825107-346247768849-346247768897-2232e62bdbe2aa520b5b67ca8332cf3d",
            "thumb_360": "https:\/\/files.slack.com\/files-tmb\/T970EQ935-FA4454WBT-34a0085d4a\/img_20180410_224819_360.jpg?t=xoxe-313014825107-346247768849-346247768897-2232e62bdbe2aa520b5b67ca8332cf3d",
            "thumb_360_w": 270,
            "thumb_360_h": 360,
            "thumb_480": "https:\/\/files.slack.com\/files-tmb\/T970EQ935-FA4454WBT-34a0085d4a\/img_20180410_224819_480.jpg?t=xoxe-313014825107-346247768849-346247768897-2232e62bdbe2aa520b5b67ca8332cf3d",
            "thumb_480_w": 360,
            "thumb_480_h": 480,
            "thumb_160": "https:\/\/files.slack.com\/files-tmb\/T970EQ935-FA4454WBT-34a0085d4a\/img_20180410_224819_160.jpg?t=xoxe-313014825107-346247768849-346247768897-2232e62bdbe2aa520b5b67ca8332cf3d",
            "thumb_720": "https:\/\/files.slack.com\/files-tmb\/T970EQ935-FA4454WBT-34a0085d4a\/img_20180410_224819_720.jpg?t=xoxe-313014825107-346247768849-346247768897-2232e62bdbe2aa520b5b67ca8332cf3d",
            "thumb_720_w": 540,
            "thumb_720_h": 720,
            "thumb_800": "https:\/\/files.slack.com\/files-tmb\/T970EQ935-FA4454WBT-34a0085d4a\/img_20180410_224819_800.jpg?t=xoxe-313014825107-346247768849-346247768897-2232e62bdbe2aa520b5b67ca8332cf3d",
            "thumb_800_w": 800,
            "thumb_800_h": 1067,
            "thumb_960": "https:\/\/files.slack.com\/files-tmb\/T970EQ935-FA4454WBT-34a0085d4a\/img_20180410_224819_960.jpg?t=xoxe-313014825107-346247768849-346247768897-2232e62bdbe2aa520b5b67ca8332cf3d",
            "thumb_960_w": 720,
            "thumb_960_h": 960,
            "thumb_1024": "https:\/\/files.slack.com\/files-tmb\/T970EQ935-FA4454WBT-34a0085d4a\/img_20180410_224819_1024.jpg?t=xoxe-313014825107-346247768849-346247768897-2232e62bdbe2aa520b5b67ca8332cf3d",
            "thumb_1024_w": 768,
            "thumb_1024_h": 1024,
            "image_exif_rotation": 1,
            "original_w": 4032,
            "original_h": 3024,
            "permalink": "https:\/\/renegonbits.slack.com\/files\/U9BG6E16C\/FA4454WBT\/img_20180410_224819.jpg",
            "permalink_public": "https:\/\/slack-files.com\/T970EQ935-FA4454WBT-0df7dcc249",
            "channels": [],
            "groups": [],
            "ims": [],
            "comments_count": 0
        },
        "user": "U9BG6E16C",
        "upload": true,
        "display_as_bot": false,
        "username": "cscott71",
        "bot_id": null,
        "ts": "1523415001.000063"
    },
    {
        "type": "message",
        "subtype": "file_share",
        "text": "<@U9BG6E16C> uploaded a file: <https:\/\/renegonbits.slack.com\/files\/U9BG6E16C\/FA4H7MXD1\/img_20180410_225003.jpg|IMG_20180410_225003.jpg>",
        "file": {
            "id": "FA4H7MXD1",
            "created": 1523415016,
            "timestamp": 1523415016,
            "name": "IMG_20180410_225003.jpg",
            "title": "IMG_20180410_225003.jpg",
            "mimetype": "image\/jpeg",
            "filetype": "jpg",
            "pretty_type": "JPEG",
            "user": "U9BG6E16C",
            "editable": false,
            "size": 4480982,
            "mode": "hosted",
            "is_external": false,
            "external_type": "",
            "is_public": true,
            "public_url_shared": false,
            "display_as_bot": false,
            "username": "",
            "url_private": "https:\/\/files.slack.com\/files-pri\/T970EQ935-FA4H7MXD1\/img_20180410_225003.jpg?t=xoxe-313014825107-346247768849-346247768897-2232e62bdbe2aa520b5b67ca8332cf3d",
            "url_private_download": "https:\/\/files.slack.com\/files-pri\/T970EQ935-FA4H7MXD1\/download\/img_20180410_225003.jpg?t=xoxe-313014825107-346247768849-346247768897-2232e62bdbe2aa520b5b67ca8332cf3d",
            "thumb_64": "https:\/\/files.slack.com\/files-tmb\/T970EQ935-FA4H7MXD1-632ec356ed\/img_20180410_225003_64.jpg?t=xoxe-313014825107-346247768849-346247768897-2232e62bdbe2aa520b5b67ca8332cf3d",
            "thumb_80": "https:\/\/files.slack.com\/files-tmb\/T970EQ935-FA4H7MXD1-632ec356ed\/img_20180410_225003_80.jpg?t=xoxe-313014825107-346247768849-346247768897-2232e62bdbe2aa520b5b67ca8332cf3d",
            "thumb_360": "https:\/\/files.slack.com\/files-tmb\/T970EQ935-FA4H7MXD1-632ec356ed\/img_20180410_225003_360.jpg?t=xoxe-313014825107-346247768849-346247768897-2232e62bdbe2aa520b5b67ca8332cf3d",
            "thumb_360_w": 270,
            "thumb_360_h": 360,
            "thumb_480": "https:\/\/files.slack.com\/files-tmb\/T970EQ935-FA4H7MXD1-632ec356ed\/img_20180410_225003_480.jpg?t=xoxe-313014825107-346247768849-346247768897-2232e62bdbe2aa520b5b67ca8332cf3d",
            "thumb_480_w": 360,
            "thumb_480_h": 480,
            "thumb_160": "https:\/\/files.slack.com\/files-tmb\/T970EQ935-FA4H7MXD1-632ec356ed\/img_20180410_225003_160.jpg?t=xoxe-313014825107-346247768849-346247768897-2232e62bdbe2aa520b5b67ca8332cf3d",
            "thumb_720": "https:\/\/files.slack.com\/files-tmb\/T970EQ935-FA4H7MXD1-632ec356ed\/img_20180410_225003_720.jpg?t=xoxe-313014825107-346247768849-346247768897-2232e62bdbe2aa520b5b67ca8332cf3d",
            "thumb_720_w": 540,
            "thumb_720_h": 720,
            "thumb_800": "https:\/\/files.slack.com\/files-tmb\/T970EQ935-FA4H7MXD1-632ec356ed\/img_20180410_225003_800.jpg?t=xoxe-313014825107-346247768849-346247768897-2232e62bdbe2aa520b5b67ca8332cf3d",
            "thumb_800_w": 800,
            "thumb_800_h": 1067,
            "thumb_960": "https:\/\/files.slack.com\/files-tmb\/T970EQ935-FA4H7MXD1-632ec356ed\/img_20180410_225003_960.jpg?t=xoxe-313014825107-346247768849-346247768897-2232e62bdbe2aa520b5b67ca8332cf3d",
            "thumb_960_w": 720,
            "thumb_960_h": 960,
            "thumb_1024": "https:\/\/files.slack.com\/files-tmb\/T970EQ935-FA4H7MXD1-632ec356ed\/img_20180410_225003_1024.jpg?t=xoxe-313014825107-346247768849-346247768897-2232e62bdbe2aa520b5b67ca8332cf3d",
            "thumb_1024_w": 768,
            "thumb_1024_h": 1024,
            "image_exif_rotation": 1,
            "original_w": 4032,
            "original_h": 3024,
            "permalink": "https:\/\/renegonbits.slack.com\/files\/U9BG6E16C\/FA4H7MXD1\/img_20180410_225003.jpg",
            "permalink_public": "https:\/\/slack-files.com\/T970EQ935-FA4H7MXD1-3c7fa9cb74",
            "channels": [],
            "groups": [],
            "ims": [],
            "comments_count": 0
        },
        "user": "U9BG6E16C",
        "upload": true,
        "display_as_bot": false,
        "username": "cscott71",
        "bot_id": null,
        "ts": "1523415025.000084"
    },
    {
        "type": "message",
        "user": "U9BG6E16C",
        "text": "<@U9789MP9B>",
        "ts": "1523415323.000158"
    }
]