[
    {
        "type": "message",
        "user": "U9C5ZAJRF",
        "text": "<@U970EQ95H> what's up with our stuff?",
        "client_msg_id": "f1af6396-1509-4a4d-921f-9e79fdba155a",
        "ts": "1522868451.000765"
    },
    {
        "type": "message",
        "user": "U9C5ZAJRF",
        "text": "Was he not able to test anything?",
        "client_msg_id": "79f4afcd-0ebe-4c7b-8beb-bb5162c4c395",
        "ts": "1522868477.000760"
    },
    {
        "type": "message",
        "user": "U9789MP9B",
        "text": "??",
        "client_msg_id": "ea7741fd-158f-4d9d-bddc-04430c3d1466",
        "ts": "1522868479.000660"
    },
    {
        "type": "message",
        "user": "U970EQ95H",
        "text": "There wasn’t anything there. He couldn’t even register",
        "client_msg_id": "501FD890-6ECC-4CE9-B1DC-AE124129F188",
        "ts": "1522868512.000294"
    },
    {
        "type": "message",
        "user": "U9BG6E16C",
        "text": "????",
        "client_msg_id": "b4d6a164-6f31-4e0e-b70b-5a9ef3136bf8",
        "ts": "1522868524.000339"
    },
    {
        "type": "message",
        "user": "U9C5ZAJRF",
        "text": "Did he follow the install instructions again?",
        "client_msg_id": "ab34b5f4-43f5-46df-8f2b-83891ffa1ed6",
        "ts": "1522868545.000724"
    },
    {
        "type": "message",
        "user": "U970EQ95H",
        "text": "Brian just said he needed to go to the url, right?",
        "client_msg_id": "356081C2-B0FB-4C65-AEEC-12A82C863D58",
        "ts": "1522868576.000079"
    },
    {
        "type": "message",
        "user": "U9C5ZAJRF",
        "text": "Ohhhhhhhh",
        "client_msg_id": "ae62e107-c998-4a73-97c6-8bee03771bfc",
        "ts": "1522868587.000241"
    },
    {
        "type": "message",
        "user": "U9C5ZAJRF",
        "text": "Shit",
        "client_msg_id": "5d5708aa-63ea-49f0-baf4-d8499baff22f",
        "ts": "1522868590.000230"
    },
    {
        "type": "message",
        "user": "U9BG6E16C",
        "text": "He shouldnt have to have done anything else",
        "client_msg_id": "595f7106-69a4-4f88-a2b4-2edc973aaec6",
        "ts": "1522868597.000351"
    },
    {
        "type": "message",
        "user": "U9C5ZAJRF",
        "text": "<@U9D1J4RJS> did we upload our stuff to heroku?",
        "client_msg_id": "5092f307-e169-4312-9b90-9a796819810c",
        "ts": "1522868603.000325"
    },
    {
        "type": "message",
        "user": "U9BG6E16C",
        "text": "The URL has never not worked when I tried it",
        "client_msg_id": "55a61173-9be8-4072-8fb0-926ff8ce2af7",
        "ts": "1522868606.000607"
    },
    {
        "type": "message",
        "user": "U970EQ95H",
        "text": "It’s not that there was nothing when he went to the url, but nothing worked there",
        "client_msg_id": "A470F4F6-EADC-4823-A5D8-8EBB9123295A",
        "ts": "1522868659.000243"
    },
    {
        "type": "message",
        "user": "U9D1J4RJS",
        "text": "I feel like it was hwroku",
        "client_msg_id": "529a9ee2-c356-42d3-9f17-4043150b7e60",
        "ts": "1522868675.000358"
    },
    {
        "type": "message",
        "user": "U9C5ZAJRF",
        "text": "Yeah I think we might have broken it",
        "client_msg_id": "7d7db8b9-832c-4596-92c0-db970924293a",
        "ts": "1522868678.000660"
    },
    {
        "type": "message",
        "user": "U9D1J4RJS",
        "text": "Cuz on free distros ifyou leave it inactive",
        "client_msg_id": "4994dd7f-05ca-4e7a-a96d-e830c2e6911b",
        "ts": "1522868682.000657"
    },
    {
        "type": "message",
        "user": "U9C5ZAJRF",
        "text": "The free tier",
        "client_msg_id": "12acd054-a61d-4ba3-a605-9da01cec121e",
        "ts": "1522868683.000321"
    },
    {
        "type": "message",
        "user": "U9D1J4RJS",
        "text": "Yoy gotta spin it up",
        "client_msg_id": "753b573b-ab41-4e7d-a0c9-c7192a453357",
        "ts": "1522868690.000380"
    },
    {
        "type": "message",
        "user": "U9D1J4RJS",
        "text": "The first request always takes 15sec +",
        "client_msg_id": "bc26d310-011c-4075-96be-0e7840b4868d",
        "ts": "1522868701.000424"
    },
    {
        "type": "message",
        "user": "U970EQ95H",
        "text": "The next time we go to meet him, could Brian or Braxton come with since you know more about the implementation?",
        "client_msg_id": "F1236357-4EC8-4F78-B2CD-26AC59CDC774",
        "ts": "1522868798.000724"
    },
    {
        "type": "message",
        "user": "U9C5ZAJRF",
        "text": ":+1:",
        "client_msg_id": "812a21c2-6a5b-49a3-87af-5b4d100435d6",
        "ts": "1522868810.000400"
    },
    {
        "type": "message",
        "user": "U9C5ZAJRF",
        "text": "Totally",
        "client_msg_id": "d4b8e53e-595e-47aa-b565-7afbc9efdf91",
        "ts": "1522868818.000530"
    },
    {
        "type": "message",
        "user": "U9BG6E16C",
        "text": "If absolutely necessary I can host it instead of whatever weird free trial nonsense we're on",
        "client_msg_id": "5c87469d-01a6-45e2-930b-495d76fab31c",
        "ts": "1522868837.000080"
    },
    {
        "type": "message",
        "user": "U9D1J4RJS",
        "text": "I'll double thcheck the impl as it stands rn",
        "client_msg_id": "56fc397d-c8f2-4609-8db8-c2b2b66434de",
        "ts": "1522868844.000364"
    },
    {
        "type": "message",
        "user": "U9D1J4RJS",
        "text": "Tonight",
        "client_msg_id": "92f5840f-50cb-4a87-89d7-e0010973cfaf",
        "ts": "1522868856.000451"
    }
]