[
    {
        "type": "message",
        "user": "U970EQ95H",
        "text": "I’m confused by this statement",
        "client_msg_id": "E1EAC797-58BF-4157-B35E-3F09A9BD132D",
        "thread_ts": "1520491674.000151",
        "parent_user_id": "U9C5ZAJRF",
        "ts": "1520524882.000926"
    },
    {
        "type": "message",
        "user": "U970EQ95H",
        "text": "Never mind, I understand now",
        "thread_ts": "1520491674.000151",
        "parent_user_id": "U9C5ZAJRF",
        "ts": "1520526976.000785"
    },
    {
        "type": "message",
        "user": "U970EQ95H",
        "text": "Yes, where does it say that?",
        "thread_ts": "1520527000.000283",
        "reply_count": 1,
        "replies": [
            {
                "user": "U9BG6E16C",
                "ts": "1520528271.000960"
            }
        ],
        "unread_count": 1,
        "ts": "1520527000.000283"
    },
    {
        "type": "message",
        "user": "U9789MP9B",
        "text": "I don't get it",
        "client_msg_id": "35f328cb-8863-4686-9b42-cec8403710e2",
        "thread_ts": "1520491674.000151",
        "parent_user_id": "U9C5ZAJRF",
        "ts": "1520527312.000155"
    },
    {
        "type": "message",
        "user": "U9BG6E16C",
        "text": "Dungeons and Dragons? :thinking_face:",
        "thread_ts": "1520491674.000151",
        "parent_user_id": "U9C5ZAJRF",
        "ts": "1520527799.000773"
    },
    {
        "type": "message",
        "user": "U9BG6E16C",
        "text": "Do Not Disturb? :thinking_face:",
        "thread_ts": "1520491674.000151",
        "parent_user_id": "U9C5ZAJRF",
        "ts": "1520527819.000150"
    },
    {
        "type": "message",
        "user": "U970EQ95H",
        "text": "I’m guessing do not disturb",
        "client_msg_id": "0DDAC7B1-D64F-47DB-A2CC-4667B1EAD7E5",
        "thread_ts": "1520491674.000151",
        "parent_user_id": "U9C5ZAJRF",
        "ts": "1520528234.000008",
        "reactions": [
            {
                "name": "+1",
                "users": [
                    "U9BG6E16C"
                ],
                "count": 1
            }
        ]
    },
    {
        "type": "message",
        "user": "U9BG6E16C",
        "text": "Assignment 2",
        "thread_ts": "1520527000.000283",
        "parent_user_id": "U970EQ95H",
        "ts": "1520528271.000960"
    },
    {
        "type": "message",
        "user": "U970EQ95H",
        "text": "Oh, ignore that. That schedule doesn’t apply at all anymore",
        "client_msg_id": "C856906D-5242-4BAA-B1D3-01151E2BFC69",
        "ts": "1520528830.000859"
    },
    {
        "type": "message",
        "user": "U9BG6E16C",
        "text": "Well what are we on then?",
        "ts": "1520528868.000250"
    },
    {
        "type": "message",
        "user": "U970EQ95H",
        "text": "You are implementing account creation and login",
        "client_msg_id": "61758ABF-048F-4A4C-907B-FB21305B9BEF",
        "ts": "1520528926.000674"
    },
    {
        "type": "message",
        "user": "U9BG6E16C",
        "text": "I mean what is everyone on? Is that listed somewhere?",
        "ts": "1520528980.000087"
    },
    {
        "type": "message",
        "user": "U970EQ95H",
        "text": "Brian is getting databases up, Braxton is working on display and Nish is helping where needed",
        "client_msg_id": "D7217C2E-9E28-42C3-BBE7-E65D5DCBD402",
        "ts": "1520529142.000129"
    },
    {
        "type": "message",
        "user": "U9789MP9B",
        "text": "I have about an hour before my flight. Is there anything that I can do right now?",
        "edited": {
            "user": "U9789MP9B",
            "ts": "1520549005.000000"
        },
        "ts": "1520548997.000353"
    },
    {
        "type": "message",
        "user": "U9789MP9B",
        "text": "Guess not? I should be free tonight so if I get any messages I'll have about an hour to work on it before I need to get to bed.",
        "ts": "1520553572.000434"
    },
    {
        "type": "message",
        "user": "U9BG6E16C",
        "text": "I don't really know where to start",
        "ts": "1520555247.000277"
    },
    {
        "type": "message",
        "user": "U9BG6E16C",
        "text": "Guess I'll start with an \"Ordinary Client\" class &lt;_&lt;",
        "ts": "1520555475.000127"
    },
    {
        "type": "message",
        "user": "U970EQ95H",
        "text": "So, for the users, we should just make a general class called users or something like that and have the specific types extend that",
        "ts": "1520555535.000122"
    },
    {
        "type": "message",
        "user": "U9BG6E16C",
        "text": "I was thinking Account",
        "ts": "1520555552.000343"
    },
    {
        "type": "message",
        "user": "U970EQ95H",
        "text": "That works too.",
        "ts": "1520555563.000065"
    },
    {
        "type": "message",
        "user": "U970EQ95H",
        "text": "I'm about to post sequence diagrams that I made, so that might help you get started",
        "ts": "1520555581.000091"
    },
    {
        "type": "message",
        "user": "U9BG6E16C",
        "text": "\"AdminAccount\" , \"OrgAccount\", \"UserAccount\" (or this could just be the parent class, but is used for normal users\"",
        "ts": "1520555587.000129"
    },
    {
        "type": "message",
        "user": "U9BG6E16C",
        "text": "Okay",
        "ts": "1520555590.000094"
    },
    {
        "type": "message",
        "user": "U970EQ95H",
        "text": "Well, user OrgAccount and adminAccount would be able to do everything UserAccount could do, so UserAccount could be the parent",
        "ts": "1520555800.000296"
    },
    {
        "type": "message",
        "subtype": "file_share",
        "text": "<@U970EQ95H> uploaded a file: <https:\/\/renegonbits.slack.com\/files\/U970EQ95H\/F9LDD5MPS\/createaccountsequencediagram.jpg|CreateAccountSequenceDiagram.jpg>",
        "file": {
            "id": "F9LDD5MPS",
            "created": 1520555903,
            "timestamp": 1520555903,
            "name": "CreateAccountSequenceDiagram.jpg",
            "title": "CreateAccountSequenceDiagram.jpg",
            "mimetype": "image\/jpeg",
            "filetype": "jpg",
            "pretty_type": "JPEG",
            "user": "U970EQ95H",
            "editable": false,
            "size": 77804,
            "mode": "hosted",
            "is_external": false,
            "external_type": "",
            "is_public": true,
            "public_url_shared": false,
            "display_as_bot": false,
            "username": "",
            "url_private": "https:\/\/files.slack.com\/files-pri\/T970EQ935-F9LDD5MPS\/createaccountsequencediagram.jpg?t=xoxe-313014825107-346247768849-346247768897-2232e62bdbe2aa520b5b67ca8332cf3d",
            "url_private_download": "https:\/\/files.slack.com\/files-pri\/T970EQ935-F9LDD5MPS\/download\/createaccountsequencediagram.jpg?t=xoxe-313014825107-346247768849-346247768897-2232e62bdbe2aa520b5b67ca8332cf3d",
            "thumb_64": "https:\/\/files.slack.com\/files-tmb\/T970EQ935-F9LDD5MPS-3ecc32fa2a\/createaccountsequencediagram_64.jpg?t=xoxe-313014825107-346247768849-346247768897-2232e62bdbe2aa520b5b67ca8332cf3d",
            "thumb_80": "https:\/\/files.slack.com\/files-tmb\/T970EQ935-F9LDD5MPS-3ecc32fa2a\/createaccountsequencediagram_80.jpg?t=xoxe-313014825107-346247768849-346247768897-2232e62bdbe2aa520b5b67ca8332cf3d",
            "thumb_360": "https:\/\/files.slack.com\/files-tmb\/T970EQ935-F9LDD5MPS-3ecc32fa2a\/createaccountsequencediagram_360.jpg?t=xoxe-313014825107-346247768849-346247768897-2232e62bdbe2aa520b5b67ca8332cf3d",
            "thumb_360_w": 360,
            "thumb_360_h": 298,
            "thumb_480": "https:\/\/files.slack.com\/files-tmb\/T970EQ935-F9LDD5MPS-3ecc32fa2a\/createaccountsequencediagram_480.jpg?t=xoxe-313014825107-346247768849-346247768897-2232e62bdbe2aa520b5b67ca8332cf3d",
            "thumb_480_w": 480,
            "thumb_480_h": 397,
            "thumb_160": "https:\/\/files.slack.com\/files-tmb\/T970EQ935-F9LDD5MPS-3ecc32fa2a\/createaccountsequencediagram_160.jpg?t=xoxe-313014825107-346247768849-346247768897-2232e62bdbe2aa520b5b67ca8332cf3d",
            "thumb_720": "https:\/\/files.slack.com\/files-tmb\/T970EQ935-F9LDD5MPS-3ecc32fa2a\/createaccountsequencediagram_720.jpg?t=xoxe-313014825107-346247768849-346247768897-2232e62bdbe2aa520b5b67ca8332cf3d",
            "thumb_720_w": 720,
            "thumb_720_h": 595,
            "thumb_800": "https:\/\/files.slack.com\/files-tmb\/T970EQ935-F9LDD5MPS-3ecc32fa2a\/createaccountsequencediagram_800.jpg?t=xoxe-313014825107-346247768849-346247768897-2232e62bdbe2aa520b5b67ca8332cf3d",
            "thumb_800_w": 800,
            "thumb_800_h": 661,
            "thumb_960": "https:\/\/files.slack.com\/files-tmb\/T970EQ935-F9LDD5MPS-3ecc32fa2a\/createaccountsequencediagram_960.jpg?t=xoxe-313014825107-346247768849-346247768897-2232e62bdbe2aa520b5b67ca8332cf3d",
            "thumb_960_w": 960,
            "thumb_960_h": 794,
            "thumb_1024": "https:\/\/files.slack.com\/files-tmb\/T970EQ935-F9LDD5MPS-3ecc32fa2a\/createaccountsequencediagram_1024.jpg?t=xoxe-313014825107-346247768849-346247768897-2232e62bdbe2aa520b5b67ca8332cf3d",
            "thumb_1024_w": 1024,
            "thumb_1024_h": 847,
            "image_exif_rotation": 1,
            "original_w": 1062,
            "original_h": 878,
            "permalink": "https:\/\/renegonbits.slack.com\/files\/U970EQ95H\/F9LDD5MPS\/createaccountsequencediagram.jpg",
            "permalink_public": "https:\/\/slack-files.com\/T970EQ935-F9LDD5MPS-d83dc9b1f1",
            "channels": [],
            "groups": [],
            "ims": [],
            "comments_count": 0
        },
        "user": "U970EQ95H",
        "upload": true,
        "display_as_bot": false,
        "username": "jherrera6",
        "bot_id": null,
        "ts": "1520555906.000030"
    },
    {
        "type": "message",
        "subtype": "file_share",
        "text": "<@U970EQ95H> uploaded a file: <https:\/\/renegonbits.slack.com\/files\/U970EQ95H\/F9MU53ZT8\/displaypostssequencediagram.jpg|DisplayPostsSequenceDiagram.jpg>",
        "file": {
            "id": "F9MU53ZT8",
            "created": 1520555906,
            "timestamp": 1520555906,
            "name": "DisplayPostsSequenceDiagram.jpg",
            "title": "DisplayPostsSequenceDiagram.jpg",
            "mimetype": "image\/jpeg",
            "filetype": "jpg",
            "pretty_type": "JPEG",
            "user": "U970EQ95H",
            "editable": false,
            "size": 80331,
            "mode": "hosted",
            "is_external": false,
            "external_type": "",
            "is_public": true,
            "public_url_shared": false,
            "display_as_bot": false,
            "username": "",
            "url_private": "https:\/\/files.slack.com\/files-pri\/T970EQ935-F9MU53ZT8\/displaypostssequencediagram.jpg?t=xoxe-313014825107-346247768849-346247768897-2232e62bdbe2aa520b5b67ca8332cf3d",
            "url_private_download": "https:\/\/files.slack.com\/files-pri\/T970EQ935-F9MU53ZT8\/download\/displaypostssequencediagram.jpg?t=xoxe-313014825107-346247768849-346247768897-2232e62bdbe2aa520b5b67ca8332cf3d",
            "thumb_64": "https:\/\/files.slack.com\/files-tmb\/T970EQ935-F9MU53ZT8-ae20c167a9\/displaypostssequencediagram_64.jpg?t=xoxe-313014825107-346247768849-346247768897-2232e62bdbe2aa520b5b67ca8332cf3d",
            "thumb_80": "https:\/\/files.slack.com\/files-tmb\/T970EQ935-F9MU53ZT8-ae20c167a9\/displaypostssequencediagram_80.jpg?t=xoxe-313014825107-346247768849-346247768897-2232e62bdbe2aa520b5b67ca8332cf3d",
            "thumb_360": "https:\/\/files.slack.com\/files-tmb\/T970EQ935-F9MU53ZT8-ae20c167a9\/displaypostssequencediagram_360.jpg?t=xoxe-313014825107-346247768849-346247768897-2232e62bdbe2aa520b5b67ca8332cf3d",
            "thumb_360_w": 360,
            "thumb_360_h": 281,
            "thumb_480": "https:\/\/files.slack.com\/files-tmb\/T970EQ935-F9MU53ZT8-ae20c167a9\/displaypostssequencediagram_480.jpg?t=xoxe-313014825107-346247768849-346247768897-2232e62bdbe2aa520b5b67ca8332cf3d",
            "thumb_480_w": 480,
            "thumb_480_h": 375,
            "thumb_160": "https:\/\/files.slack.com\/files-tmb\/T970EQ935-F9MU53ZT8-ae20c167a9\/displaypostssequencediagram_160.jpg?t=xoxe-313014825107-346247768849-346247768897-2232e62bdbe2aa520b5b67ca8332cf3d",
            "thumb_720": "https:\/\/files.slack.com\/files-tmb\/T970EQ935-F9MU53ZT8-ae20c167a9\/displaypostssequencediagram_720.jpg?t=xoxe-313014825107-346247768849-346247768897-2232e62bdbe2aa520b5b67ca8332cf3d",
            "thumb_720_w": 720,
            "thumb_720_h": 562,
            "thumb_800": "https:\/\/files.slack.com\/files-tmb\/T970EQ935-F9MU53ZT8-ae20c167a9\/displaypostssequencediagram_800.jpg?t=xoxe-313014825107-346247768849-346247768897-2232e62bdbe2aa520b5b67ca8332cf3d",
            "thumb_800_w": 800,
            "thumb_800_h": 625,
            "thumb_960": "https:\/\/files.slack.com\/files-tmb\/T970EQ935-F9MU53ZT8-ae20c167a9\/displaypostssequencediagram_960.jpg?t=xoxe-313014825107-346247768849-346247768897-2232e62bdbe2aa520b5b67ca8332cf3d",
            "thumb_960_w": 960,
            "thumb_960_h": 750,
            "thumb_1024": "https:\/\/files.slack.com\/files-tmb\/T970EQ935-F9MU53ZT8-ae20c167a9\/displaypostssequencediagram_1024.jpg?t=xoxe-313014825107-346247768849-346247768897-2232e62bdbe2aa520b5b67ca8332cf3d",
            "thumb_1024_w": 1024,
            "thumb_1024_h": 799,
            "image_exif_rotation": 1,
            "original_w": 1122,
            "original_h": 876,
            "permalink": "https:\/\/renegonbits.slack.com\/files\/U970EQ95H\/F9MU53ZT8\/displaypostssequencediagram.jpg",
            "permalink_public": "https:\/\/slack-files.com\/T970EQ935-F9MU53ZT8-244ae88b34",
            "channels": [],
            "groups": [],
            "ims": [],
            "comments_count": 0
        },
        "user": "U970EQ95H",
        "upload": true,
        "display_as_bot": false,
        "username": "jherrera6",
        "bot_id": null,
        "ts": "1520555909.000016"
    },
    {
        "type": "message",
        "subtype": "file_share",
        "text": "<@U970EQ95H> uploaded a file: <https:\/\/renegonbits.slack.com\/files\/U970EQ95H\/F9MU54JNA\/loginsequencediagram.jpg|LoginSequenceDiagram.jpg>",
        "file": {
            "id": "F9MU54JNA",
            "created": 1520555909,
            "timestamp": 1520555909,
            "name": "LoginSequenceDiagram.jpg",
            "title": "LoginSequenceDiagram.jpg",
            "mimetype": "image\/jpeg",
            "filetype": "jpg",
            "pretty_type": "JPEG",
            "user": "U970EQ95H",
            "editable": false,
            "size": 80967,
            "mode": "hosted",
            "is_external": false,
            "external_type": "",
            "is_public": true,
            "public_url_shared": false,
            "display_as_bot": false,
            "username": "",
            "url_private": "https:\/\/files.slack.com\/files-pri\/T970EQ935-F9MU54JNA\/loginsequencediagram.jpg?t=xoxe-313014825107-346247768849-346247768897-2232e62bdbe2aa520b5b67ca8332cf3d",
            "url_private_download": "https:\/\/files.slack.com\/files-pri\/T970EQ935-F9MU54JNA\/download\/loginsequencediagram.jpg?t=xoxe-313014825107-346247768849-346247768897-2232e62bdbe2aa520b5b67ca8332cf3d",
            "thumb_64": "https:\/\/files.slack.com\/files-tmb\/T970EQ935-F9MU54JNA-25c14f89c4\/loginsequencediagram_64.jpg?t=xoxe-313014825107-346247768849-346247768897-2232e62bdbe2aa520b5b67ca8332cf3d",
            "thumb_80": "https:\/\/files.slack.com\/files-tmb\/T970EQ935-F9MU54JNA-25c14f89c4\/loginsequencediagram_80.jpg?t=xoxe-313014825107-346247768849-346247768897-2232e62bdbe2aa520b5b67ca8332cf3d",
            "thumb_360": "https:\/\/files.slack.com\/files-tmb\/T970EQ935-F9MU54JNA-25c14f89c4\/loginsequencediagram_360.jpg?t=xoxe-313014825107-346247768849-346247768897-2232e62bdbe2aa520b5b67ca8332cf3d",
            "thumb_360_w": 360,
            "thumb_360_h": 355,
            "thumb_480": "https:\/\/files.slack.com\/files-tmb\/T970EQ935-F9MU54JNA-25c14f89c4\/loginsequencediagram_480.jpg?t=xoxe-313014825107-346247768849-346247768897-2232e62bdbe2aa520b5b67ca8332cf3d",
            "thumb_480_w": 480,
            "thumb_480_h": 473,
            "thumb_160": "https:\/\/files.slack.com\/files-tmb\/T970EQ935-F9MU54JNA-25c14f89c4\/loginsequencediagram_160.jpg?t=xoxe-313014825107-346247768849-346247768897-2232e62bdbe2aa520b5b67ca8332cf3d",
            "thumb_720": "https:\/\/files.slack.com\/files-tmb\/T970EQ935-F9MU54JNA-25c14f89c4\/loginsequencediagram_720.jpg?t=xoxe-313014825107-346247768849-346247768897-2232e62bdbe2aa520b5b67ca8332cf3d",
            "thumb_720_w": 720,
            "thumb_720_h": 710,
            "thumb_800": "https:\/\/files.slack.com\/files-tmb\/T970EQ935-F9MU54JNA-25c14f89c4\/loginsequencediagram_800.jpg?t=xoxe-313014825107-346247768849-346247768897-2232e62bdbe2aa520b5b67ca8332cf3d",
            "thumb_800_w": 800,
            "thumb_800_h": 788,
            "image_exif_rotation": 1,
            "original_w": 892,
            "original_h": 879,
            "permalink": "https:\/\/renegonbits.slack.com\/files\/U970EQ95H\/F9MU54JNA\/loginsequencediagram.jpg",
            "permalink_public": "https:\/\/slack-files.com\/T970EQ935-F9MU54JNA-46798d06ee",
            "channels": [],
            "groups": [],
            "ims": [],
            "comments_count": 0
        },
        "user": "U970EQ95H",
        "upload": true,
        "display_as_bot": false,
        "username": "jherrera6",
        "bot_id": null,
        "ts": "1520555911.000300"
    },
    {
        "type": "message",
        "subtype": "file_share",
        "text": "<@U970EQ95H> uploaded a file: <https:\/\/renegonbits.slack.com\/files\/U970EQ95H\/F9LDD71KJ\/querydatabasesequencediagram.jpg|QueryDatabaseSequenceDiagram.jpg>",
        "file": {
            "id": "F9LDD71KJ",
            "created": 1520555911,
            "timestamp": 1520555911,
            "name": "QueryDatabaseSequenceDiagram.jpg",
            "title": "QueryDatabaseSequenceDiagram.jpg",
            "mimetype": "image\/jpeg",
            "filetype": "jpg",
            "pretty_type": "JPEG",
            "user": "U970EQ95H",
            "editable": false,
            "size": 86589,
            "mode": "hosted",
            "is_external": false,
            "external_type": "",
            "is_public": true,
            "public_url_shared": false,
            "display_as_bot": false,
            "username": "",
            "url_private": "https:\/\/files.slack.com\/files-pri\/T970EQ935-F9LDD71KJ\/querydatabasesequencediagram.jpg?t=xoxe-313014825107-346247768849-346247768897-2232e62bdbe2aa520b5b67ca8332cf3d",
            "url_private_download": "https:\/\/files.slack.com\/files-pri\/T970EQ935-F9LDD71KJ\/download\/querydatabasesequencediagram.jpg?t=xoxe-313014825107-346247768849-346247768897-2232e62bdbe2aa520b5b67ca8332cf3d",
            "thumb_64": "https:\/\/files.slack.com\/files-tmb\/T970EQ935-F9LDD71KJ-6bc2aeddc0\/querydatabasesequencediagram_64.jpg?t=xoxe-313014825107-346247768849-346247768897-2232e62bdbe2aa520b5b67ca8332cf3d",
            "thumb_80": "https:\/\/files.slack.com\/files-tmb\/T970EQ935-F9LDD71KJ-6bc2aeddc0\/querydatabasesequencediagram_80.jpg?t=xoxe-313014825107-346247768849-346247768897-2232e62bdbe2aa520b5b67ca8332cf3d",
            "thumb_360": "https:\/\/files.slack.com\/files-tmb\/T970EQ935-F9LDD71KJ-6bc2aeddc0\/querydatabasesequencediagram_360.jpg?t=xoxe-313014825107-346247768849-346247768897-2232e62bdbe2aa520b5b67ca8332cf3d",
            "thumb_360_w": 360,
            "thumb_360_h": 286,
            "thumb_480": "https:\/\/files.slack.com\/files-tmb\/T970EQ935-F9LDD71KJ-6bc2aeddc0\/querydatabasesequencediagram_480.jpg?t=xoxe-313014825107-346247768849-346247768897-2232e62bdbe2aa520b5b67ca8332cf3d",
            "thumb_480_w": 480,
            "thumb_480_h": 382,
            "thumb_160": "https:\/\/files.slack.com\/files-tmb\/T970EQ935-F9LDD71KJ-6bc2aeddc0\/querydatabasesequencediagram_160.jpg?t=xoxe-313014825107-346247768849-346247768897-2232e62bdbe2aa520b5b67ca8332cf3d",
            "thumb_720": "https:\/\/files.slack.com\/files-tmb\/T970EQ935-F9LDD71KJ-6bc2aeddc0\/querydatabasesequencediagram_720.jpg?t=xoxe-313014825107-346247768849-346247768897-2232e62bdbe2aa520b5b67ca8332cf3d",
            "thumb_720_w": 720,
            "thumb_720_h": 573,
            "thumb_800": "https:\/\/files.slack.com\/files-tmb\/T970EQ935-F9LDD71KJ-6bc2aeddc0\/querydatabasesequencediagram_800.jpg?t=xoxe-313014825107-346247768849-346247768897-2232e62bdbe2aa520b5b67ca8332cf3d",
            "thumb_800_w": 800,
            "thumb_800_h": 636,
            "thumb_960": "https:\/\/files.slack.com\/files-tmb\/T970EQ935-F9LDD71KJ-6bc2aeddc0\/querydatabasesequencediagram_960.jpg?t=xoxe-313014825107-346247768849-346247768897-2232e62bdbe2aa520b5b67ca8332cf3d",
            "thumb_960_w": 960,
            "thumb_960_h": 763,
            "thumb_1024": "https:\/\/files.slack.com\/files-tmb\/T970EQ935-F9LDD71KJ-6bc2aeddc0\/querydatabasesequencediagram_1024.jpg?t=xoxe-313014825107-346247768849-346247768897-2232e62bdbe2aa520b5b67ca8332cf3d",
            "thumb_1024_w": 1024,
            "thumb_1024_h": 814,
            "image_exif_rotation": 1,
            "original_w": 1104,
            "original_h": 878,
            "permalink": "https:\/\/renegonbits.slack.com\/files\/U970EQ95H\/F9LDD71KJ\/querydatabasesequencediagram.jpg",
            "permalink_public": "https:\/\/slack-files.com\/T970EQ935-F9LDD71KJ-c0632c1ecb",
            "channels": [],
            "groups": [],
            "ims": [],
            "comments_count": 0
        },
        "user": "U970EQ95H",
        "upload": true,
        "display_as_bot": false,
        "username": "jherrera6",
        "bot_id": null,
        "ts": "1520555916.000061"
    },
    {
        "type": "message",
        "user": "U970EQ95H",
        "text": "These probably aren't going to be the exact way that you implement, so if you change, add, or remove anything, just let me know",
        "ts": "1520555948.000175"
    },
    {
        "type": "message",
        "user": "U9C5ZAJRF",
        "text": "So, question, Brian and I uploaded a NodeJS and React front end, were we thinking of using other frameworks?",
        "client_msg_id": "4c284743-4b99-4c2a-b5bb-ca669089a9f6",
        "ts": "1520558976.000213"
    },
    {
        "type": "message",
        "user": "U9C5ZAJRF",
        "text": "Were we gonna stick with java and mysql?",
        "client_msg_id": "9c7219db-e93d-4534-b58a-5a9bb67e1142",
        "ts": "1520559000.000253"
    },
    {
        "type": "message",
        "user": "U9BG6E16C",
        "text": "I was under that impression",
        "ts": "1520559009.000092"
    },
    {
        "type": "message",
        "user": "U9BG6E16C",
        "text": "Yes",
        "ts": "1520559010.000222"
    },
    {
        "type": "message",
        "user": "U9C5ZAJRF",
        "text": "Cause node and react are super simple to set up",
        "client_msg_id": "a19b0ac0-8d4b-46eb-8d08-74e852fa36cd",
        "ts": "1520559012.000014"
    },
    {
        "type": "message",
        "user": "U9C5ZAJRF",
        "text": "Alrighty",
        "client_msg_id": "47cb6e57-a80a-49e2-8041-1d1c73639cf4",
        "ts": "1520559016.000065"
    },
    {
        "type": "message",
        "user": "U9BG6E16C",
        "text": "Unless everyone else really wants to go that route",
        "ts": "1520559025.000110"
    },
    {
        "type": "message",
        "user": "U9C5ZAJRF",
        "text": "Brian is either busy or just getting free rn, so I'll wait till he and Nish are available",
        "client_msg_id": "d964307e-241c-48f3-88fd-0939d615b0e7",
        "ts": "1520559039.000203"
    },
    {
        "type": "message",
        "user": "U9BG6E16C",
        "text": "*nod*",
        "ts": "1520559045.000077"
    },
    {
        "type": "message",
        "user": "U9BG6E16C",
        "text": "I was considering that it makes more sense that if we're not doing something web-based that we move to an app instead. But idk how easy or hard it would be to do that",
        "ts": "1520559075.000005"
    },
    {
        "type": "message",
        "user": "U9BG6E16C",
        "text": "But even so it would still be fine using normal Java",
        "ts": "1520559103.000281"
    },
    {
        "type": "message",
        "user": "U9C5ZAJRF",
        "text": "Well, doing Android development has never been fun. I've done it a few times, and it's actually hell, especially if you have to worry about supporting phones and such. We also can't do iOS development unless any of you have a dev account. \nI was thinking we make a web based thing for the project, and since Mussa thinks we could reach success with our idea, if we ever wanted to move to an app, we have the ability to do so whenever",
        "client_msg_id": "4bbcbdab-14fa-4164-988d-1e25445f4ab3",
        "ts": "1520559336.000176"
    }
]