[
    {
        "type": "message",
        "user": "U970EQ95H",
        "text": "For our video, we have 5 things to talk about, and this is how I think they should be assigned: \nProject Introduction - <@U9BG6E16C> \nRequirements Engineering - <@U9789MP9B> \nSystem Modeling - <@U970EQ95H> \nArchitectural Design - <@U9C5ZAJRF> \nImplementation and Testing - <@U9D1J4RJS> \nWe just have to talk for between 1 and 2 minutes each. Is everyone okay with this?",
        "ts": "1523653776.000428"
    },
    {
        "type": "message",
        "user": "U9789MP9B",
        "text": "Sounds good to me",
        "ts": "1523653816.000170"
    },
    {
        "type": "message",
        "user": "U9BG6E16C",
        "text": "For assignment 6?",
        "client_msg_id": "6e5f9c13-39b0-446b-9f2c-f46ea0625f16",
        "ts": "1523653867.000311"
    },
    {
        "type": "message",
        "user": "U9789MP9B",
        "text": "yeah it's due tonight",
        "ts": "1523653880.000235"
    },
    {
        "type": "message",
        "user": "U9BG6E16C",
        "text": "So am I supposed to go over the entire concept in the intro...?",
        "client_msg_id": "aecb85f5-0384-4313-8933-6a2268ca16f7",
        "ts": "1523654078.000410"
    },
    {
        "type": "message",
        "user": "U9BG6E16C",
        "text": "Like, an overview obviously",
        "client_msg_id": "875d03ca-4040-4ebb-ae4f-150e96469c99",
        "ts": "1523654087.000146"
    },
    {
        "type": "message",
        "user": "U970EQ95H",
        "text": "Pretty much. Just introduce the project and what we're trying to accomplish. (The problem statement, goals, etc.)",
        "ts": "1523654190.000350"
    },
    {
        "type": "message",
        "user": "U9BG6E16C",
        "text": "Kk",
        "client_msg_id": "036774cc-e70a-4b71-9ff5-779c43acd083",
        "ts": "1523654197.000486"
    },
    {
        "type": "message",
        "user": "U9789MP9B",
        "text": "still can't connect to the backend? Register button isn't doing anything but IDK if the instance is kill or just timed out",
        "ts": "1523655119.000147"
    },
    {
        "type": "message",
        "user": "U9D1J4RJS",
        "text": "I'm workin on it",
        "client_msg_id": "e194e7a4-789f-42ef-8245-a96b9b607b50",
        "ts": "1523655567.000416"
    },
    {
        "type": "message",
        "user": "U9789MP9B",
        "text": "Lmk if it's too generic?",
        "client_msg_id": "32ccc65b-90ab-4640-937b-00ebde1741f6",
        "ts": "1523657150.000391"
    },
    {
        "type": "message",
        "user": "U9789MP9B",
        "text": "1:20 long also",
        "client_msg_id": "4fccc960-d536-484c-9997-e2d08e86ad1a",
        "ts": "1523657169.000147"
    },
    {
        "type": "message",
        "subtype": "file_share",
        "text": "<@U9789MP9B> uploaded a file: <https:\/\/renegonbits.slack.com\/files\/U9789MP9B\/FA61HFF2L\/vid_20180413_180523.mp4|VID_20180413_180523.mp4>",
        "file": {
            "id": "FA61HFF2L",
            "created": 1523657638,
            "timestamp": 1523657638,
            "name": "VID_20180413_180523.mp4",
            "title": "VID_20180413_180523.mp4",
            "mimetype": "video\/mp4",
            "filetype": "mp4",
            "pretty_type": "MPEG 4 Video",
            "user": "U9789MP9B",
            "editable": false,
            "size": 115727329,
            "mode": "hosted",
            "is_external": false,
            "external_type": "",
            "is_public": true,
            "public_url_shared": false,
            "display_as_bot": false,
            "username": "",
            "url_private": "https:\/\/files.slack.com\/files-pri\/T970EQ935-FA61HFF2L\/vid_20180413_180523.mp4?t=xoxe-313014825107-346247768849-346247768897-2232e62bdbe2aa520b5b67ca8332cf3d",
            "url_private_download": "https:\/\/files.slack.com\/files-pri\/T970EQ935-FA61HFF2L\/download\/vid_20180413_180523.mp4?t=xoxe-313014825107-346247768849-346247768897-2232e62bdbe2aa520b5b67ca8332cf3d",
            "permalink": "https:\/\/renegonbits.slack.com\/files\/U9789MP9B\/FA61HFF2L\/vid_20180413_180523.mp4",
            "permalink_public": "https:\/\/slack-files.com\/T970EQ935-FA61HFF2L-b9e08b6d86",
            "channels": [],
            "groups": [],
            "ims": [],
            "comments_count": 0
        },
        "user": "U9789MP9B",
        "upload": true,
        "display_as_bot": false,
        "username": "nsinha2",
        "bot_id": null,
        "ts": "1523657646.000316"
    }
]