[
    {
        "type": "message",
        "user": "U9BG6E16C",
        "text": "So the assignment is due tonight??",
        "client_msg_id": "993ca8e2-9fc1-4a22-9d58-e1e6c676bca1",
        "ts": "1523300822.000081"
    },
    {
        "type": "message",
        "user": "U9C5ZAJRF",
        "text": "This Sunday",
        "client_msg_id": "40559333-30c8-4451-9228-9034514a113c",
        "ts": "1523300868.000390"
    },
    {
        "type": "message",
        "user": "U9BG6E16C",
        "text": "It says today on the updated post",
        "client_msg_id": "28abd7dc-4116-44a4-b83d-eb713bd76fa1",
        "ts": "1523300883.000148"
    },
    {
        "type": "message",
        "user": "U9C5ZAJRF",
        "text": "Maybe I misread?",
        "client_msg_id": "583db5f1-9006-4fb9-bbad-e3cdb2ccf95f",
        "ts": "1523300888.000249"
    },
    {
        "type": "message",
        "user": "U9C5ZAJRF",
        "text": "Oh updated post",
        "client_msg_id": "94369e92-2207-4915-8b28-5f1336772042",
        "ts": "1523300899.000506"
    },
    {
        "type": "message",
        "user": "U9BG6E16C",
        "text": "Weird...",
        "client_msg_id": "75c44b40-22cf-43fc-9ac4-6cd52db854b8",
        "ts": "1523300909.000584"
    },
    {
        "type": "message",
        "user": "U9BG6E16C",
        "text": "Idk which it is then",
        "client_msg_id": "873338c8-852b-40ba-a17b-127a744d9712",
        "ts": "1523300921.000638"
    },
    {
        "type": "message",
        "user": "U9BG6E16C",
        "text": "The updated post says the 9th but the assignment says Sunday",
        "client_msg_id": "e451946a-f866-47e9-9be9-cb95fd53001d",
        "ts": "1523300936.000152"
    },
    {
        "type": "message",
        "user": "U9BG6E16C",
        "text": "I think its just Sunday then",
        "client_msg_id": "91ea9eab-231a-49f7-ad88-316366821fac",
        "ts": "1523300941.000562"
    },
    {
        "type": "message",
        "user": "U9BG6E16C",
        "text": "I also want to actually contribute at some point so is there anything I can work on?",
        "client_msg_id": "1e92b98f-57ef-4394-8622-ef7023b12ab6",
        "ts": "1523301016.000437"
    },
    {
        "type": "message",
        "user": "U9D1J4RJS",
        "text": "Can you do UI stuff? A good looking login\/registration page and a Feed page would be good for rn",
        "client_msg_id": "36a83e59-a549-41b2-b436-dfaf7a7cb1df",
        "ts": "1523301070.000096"
    },
    {
        "type": "message",
        "user": "U9BG6E16C",
        "text": "Mmm...the actual code, design, or both?",
        "client_msg_id": "4690385f-69ba-4fd7-ac0b-fc50c524c8f4",
        "ts": "1523301113.000309"
    },
    {
        "type": "message",
        "user": "U9BG6E16C",
        "text": "Like css?",
        "client_msg_id": "53cd1a5f-149f-4b75-a79c-776b0152d483",
        "ts": "1523301126.000742"
    },
    {
        "type": "message",
        "user": "U970EQ95H",
        "text": "Both say April 11th which is this Wednesday. When I asked him to clarify last class, he said it was due on Wednesday",
        "client_msg_id": "63B7D025-643E-4547-A522-776D94C2D8CE",
        "ts": "1523301161.000038"
    },
    {
        "type": "message",
        "user": "U9BG6E16C",
        "text": "???",
        "client_msg_id": "9a202e9a-1208-4ae7-bfbb-c6b4c8048ed4",
        "ts": "1523301176.000437"
    },
    {
        "type": "message",
        "user": "U9D1J4RJS",
        "text": "Both if you're cool witj that and woah ok",
        "client_msg_id": "bcb83d3b-5b4c-47c5-9e19-61171dbbd7e1",
        "ts": "1523301184.000065"
    },
    {
        "type": "message",
        "user": "U9BG6E16C",
        "text": "Idk if I can in 2 days",
        "client_msg_id": "65fdac22-93dd-4f2d-bcba-10e45bf30a48",
        "ts": "1523301265.000229"
    },
    {
        "type": "message",
        "user": "U9BG6E16C",
        "text": "I cant even work on it today",
        "client_msg_id": "289389b4-5937-4659-9d14-a83cb34575ab",
        "ts": "1523301271.000079"
    },
    {
        "type": "message",
        "user": "U970EQ95H",
        "text": "I’ll ask him again after class, but I’m fairly confident that it’s Wednesday.\nI can also help with UI",
        "client_msg_id": "91EE44D0-7C48-469C-B2B7-02B4C7527FA5",
        "ts": "1523301316.000571"
    },
    {
        "type": "message",
        "user": "U9BG6E16C",
        "text": "Mmk. I guess we're doing CSS then?",
        "client_msg_id": "e19e624f-c7b6-46d4-9aad-c3eb03932bc3",
        "ts": "1523301387.000575"
    },
    {
        "type": "message",
        "user": "U970EQ95H",
        "text": "Yes",
        "client_msg_id": "AA7A2692-B41E-4947-92A2-7AAFF22FF9B0",
        "ts": "1523301540.000417"
    },
    {
        "type": "message",
        "user": "U9BG6E16C",
        "text": "Kk",
        "client_msg_id": "d1d55b54-9dd6-4551-9ecf-f491049c7cb1",
        "ts": "1523301569.000391"
    },
    {
        "type": "message",
        "user": "U9BG6E16C",
        "text": "Also, where is our host now? The previous link is down",
        "client_msg_id": "436d1c23-5ad8-4d39-823b-6df549f954e4",
        "ts": "1523301741.000429"
    },
    {
        "type": "message",
        "user": "U9D1J4RJS",
        "text": "I'm going to final deploys at the end because there's a bug with the react buildpack and heroku",
        "ts": "1523301797.000093"
    },
    {
        "type": "message",
        "user": "U9D1J4RJS",
        "text": "You can just clone the code from Jason if you wanna interact with it and whatnot",
        "ts": "1523301810.000203"
    },
    {
        "type": "message",
        "user": "U9BG6E16C",
        "text": "Gotcha",
        "client_msg_id": "6e20471e-67f0-4181-9f21-88ccf1a94ff5",
        "ts": "1523301819.000215"
    },
    {
        "type": "message",
        "user": "U9C5ZAJRF",
        "text": "Also just so you all know. If you've missed 4 or more classes you will not receive grading curving",
        "client_msg_id": "4c814016-59ce-4e4d-a603-6bf9d1c01272",
        "ts": "1523302289.000201"
    },
    {
        "type": "message",
        "user": "U9BG6E16C",
        "text": "Yeah fucking rip",
        "client_msg_id": "d0b3d2be-4807-4840-8a65-05deaaae1ec9",
        "ts": "1523302302.000048"
    },
    {
        "type": "message",
        "user": "U9789MP9B",
        "text": "Lol 4 or more",
        "client_msg_id": "4d28d3ea-66c0-45e8-926e-f36f430def84",
        "ts": "1523302305.000244"
    },
    {
        "type": "message",
        "user": "U9789MP9B",
        "text": "That was like the first 3 weeks",
        "client_msg_id": "3517613d-3578-43fb-8899-bf11b8469e0a",
        "ts": "1523302312.000224"
    },
    {
        "type": "message",
        "user": "U9C5ZAJRF",
        "text": ":joy:",
        "client_msg_id": "c8ab258d-c50b-4f95-97ba-e44f4aae2660",
        "ts": "1523302365.000671"
    },
    {
        "type": "message",
        "user": "U9C5ZAJRF",
        "text": "I think only Jason is saved",
        "client_msg_id": "09649aaf-b858-44a8-9528-9fefac8cf657",
        "ts": "1523302431.000074"
    },
    {
        "type": "message",
        "user": "U9BG6E16C",
        "text": "Lol luckily I had 70s on exams so Im not too worried. I'm more worried about juggling 4 projects in 7 daya",
        "client_msg_id": "5188a4c0-ecfb-4a1f-901c-fb77b95607ef",
        "ts": "1523302474.000166"
    },
    {
        "type": "message",
        "user": "U9BG6E16C",
        "text": "Days*",
        "client_msg_id": "e10d41c3-73e3-4217-8319-a930f8e13292",
        "ts": "1523302478.000241"
    },
    {
        "type": "message",
        "user": "U9C5ZAJRF",
        "text": "Saaaaame",
        "client_msg_id": "bc4a9047-19a6-4bd1-bc99-3ecc9337cbf9",
        "ts": "1523302491.000139"
    },
    {
        "type": "message",
        "user": "U9D1J4RJS",
        "text": "Tell me about it",
        "ts": "1523302491.000632"
    },
    {
        "type": "message",
        "user": "U9D1J4RJS",
        "text": "I'm geolocation rn",
        "ts": "1523302497.000566"
    },
    {
        "type": "message",
        "user": "U9D1J4RJS",
        "text": "And react's being a pain in the ass",
        "ts": "1523302504.000352"
    },
    {
        "type": "message",
        "user": "U9D1J4RJS",
        "text": ":joy:",
        "ts": "1523302506.000603"
    },
    {
        "type": "message",
        "user": "U9BG6E16C",
        "text": "Zzzz",
        "client_msg_id": "9c9dfbba-a3d4-4c32-99ca-9048763cda75",
        "ts": "1523302520.000414"
    },
    {
        "type": "message",
        "user": "U9C5ZAJRF",
        "text": "OS test tomorrow...",
        "client_msg_id": "f1210fa6-001b-4f40-8ae6-646c00bab78a",
        "ts": "1523302566.000534"
    },
    {
        "type": "message",
        "user": "U9BG6E16C",
        "text": "Oof",
        "client_msg_id": "d660e447-0b84-4673-9f4b-cd600d73a8e6",
        "ts": "1523302586.000035"
    },
    {
        "type": "message",
        "user": "U9D1J4RJS",
        "text": ":fook:",
        "ts": "1523302587.000115"
    },
    {
        "type": "message",
        "user": "U9C5ZAJRF",
        "text": "OS test tmw\nAI presentation Thursday...\nWhenever the fuck this assignment 6 is due this week. \nAI test next Thurs\nOS project and AI project the week after. \nPLC and SWE exam the following week\n:ooooooof:",
        "client_msg_id": "465148a2-2c81-4ce9-b4a3-519577031125",
        "ts": "1523302942.000505"
    },
    {
        "type": "message",
        "user": "U9D1J4RJS",
        "text": "We have an AI test next THursday?",
        "ts": "1523302964.000501"
    },
    {
        "type": "message",
        "user": "U9D1J4RJS",
        "text": "Bruh",
        "ts": "1523302967.000016"
    },
    {
        "type": "message",
        "user": "U9C5ZAJRF",
        "text": "Yrp",
        "client_msg_id": "b1cbd6d6-2be5-4915-8562-23c5794e6d28",
        "ts": "1523302969.000092"
    },
    {
        "type": "message",
        "user": "U9C5ZAJRF",
        "text": "Oh and PLC project due sometime in there",
        "client_msg_id": "66754f59-79fc-4461-8de2-cecb0c871b64",
        "ts": "1523303019.000010"
    },
    {
        "type": "message",
        "user": "U9BG6E16C",
        "text": "Assignment 6 whenever\nEmbedded Sys Project 17th\nData Mining Research Paper 16th\nEmbedded Sys Exam 12th\nNetworks Project ???\nThen all finals BS",
        "client_msg_id": "50c3e435-86b1-4f1d-a930-1c56787a0ea5",
        "ts": "1523303154.000227"
    },
    {
        "type": "message",
        "user": "U9BG6E16C",
        "text": "._.",
        "client_msg_id": "c176013f-9012-48b1-86e9-9d1ad783a211",
        "ts": "1523303278.000571"
    },
    {
        "type": "message",
        "user": "U9D1J4RJS",
        "text": "FEELZBADMAN",
        "ts": "1523303294.000517"
    },
    {
        "type": "message",
        "user": "U9BG6E16C",
        "text": "And all the meanwhile applying for jobs",
        "client_msg_id": "dc9ecb93-7815-4cc5-82ba-7df7ceba4a7e",
        "ts": "1523303316.000473"
    },
    {
        "type": "message",
        "user": "U9BG6E16C",
        "text": "And praying",
        "client_msg_id": "373fada5-9450-4702-951c-7b48d5cbbe68",
        "ts": "1523303321.000287"
    },
    {
        "type": "message",
        "user": "U9BG6E16C",
        "text": "Lol",
        "client_msg_id": "8fc4067f-364a-4b77-ba21-0437a21ead7f",
        "ts": "1523303322.000339"
    },
    {
        "type": "message",
        "user": "U970EQ95H",
        "text": "Definitely due Wednesday",
        "client_msg_id": "664B2897-F314-498F-A5F0-61C9FE245907",
        "ts": "1523306639.000550"
    },
    {
        "type": "message",
        "user": "U9C5ZAJRF",
        "text": "Welp",
        "client_msg_id": "0c6ff310-4b8c-4ca3-a2cf-cacff2d2e94d",
        "edited": {
            "user": "U9C5ZAJRF",
            "ts": "1523307037.000000"
        },
        "ts": "1523307030.000169"
    },
    {
        "type": "message",
        "user": "U9C5ZAJRF",
        "text": "Glad we figured that out now...",
        "client_msg_id": "f46765f0-7c62-4595-80b0-9d6181de304f",
        "ts": "1523307051.000172"
    },
    {
        "type": "message",
        "user": "U9BG6E16C",
        "text": "Zzz",
        "client_msg_id": "3fa08c45-c48f-414b-83c1-d3f26301751a",
        "ts": "1523308476.000434"
    },
    {
        "type": "message",
        "user": "U9BG6E16C",
        "text": "At least its not today",
        "client_msg_id": "5b65af0a-0c63-4b48-8667-6fbd2dfeb379",
        "ts": "1523308484.000419"
    },
    {
        "type": "message",
        "user": "U9D1J4RJS",
        "text": "How pretty does this need to be?",
        "ts": "1523313639.000205"
    },
    {
        "type": "message",
        "user": "U9D1J4RJS",
        "text": "Pretty enough?",
        "ts": "1523313641.000302"
    },
    {
        "type": "message",
        "user": "U9D1J4RJS",
        "text": "Or absolutely pretty",
        "ts": "1523313644.000347"
    },
    {
        "type": "message",
        "user": "U970EQ95H",
        "text": "Pretty enough. It doesn’t have to be amazing, just not horrible",
        "client_msg_id": "A6AC9879-0971-4B70-B6F7-851F8CF9C35D",
        "ts": "1523313686.000153"
    },
    {
        "type": "message",
        "user": "U9BG6E16C",
        "text": "I think that's easy enough to do.",
        "ts": "1523313890.000378"
    },
    {
        "type": "message",
        "user": "U9BG6E16C",
        "text": "So long as no bizarre issues arise",
        "ts": "1523313901.000384"
    }
]