[
    {
        "type": "message",
        "user": "U9789MP9B",
        "text": "Wait so what do we need to include in this template then <@U970EQ95H>?",
        "thread_ts": "1519336694.000718",
        "parent_user_id": "U9BG6E16C",
        "ts": "1519405539.000003"
    },
    {
        "type": "message",
        "user": "U970EQ95H",
        "text": "There are two templates under the first part of section b in Assignment 3. The first one is everything you can put, but he only requires us to have what's in the second template",
        "thread_ts": "1519336694.000718",
        "parent_user_id": "U9BG6E16C",
        "ts": "1519405654.000399"
    },
    {
        "type": "message",
        "user": "U9789MP9B",
        "text": "gotcha",
        "thread_ts": "1519336694.000718",
        "parent_user_id": "U9BG6E16C",
        "ts": "1519405763.000601"
    },
    {
        "type": "message",
        "user": "U9789MP9B",
        "text": "<@U9BG6E16C> that image you uploaded.... which requirement is it for?",
        "ts": "1519409248.000648"
    },
    {
        "type": "message",
        "user": "U9789MP9B",
        "text": "Because it looks like 4 but I'm supposed to do 4-6",
        "ts": "1519409271.000464"
    },
    {
        "type": "message",
        "user": "U9BG6E16C",
        "text": "Number 1",
        "client_msg_id": "535c8074-2612-4d06-89ba-cbd9a2c25ad0",
        "ts": "1519409299.000147"
    },
    {
        "type": "message",
        "user": "U9BG6E16C",
        "text": "We're doing use cases listed earlier",
        "client_msg_id": "4f276214-efe3-403d-8f1d-ef0193ace4ad",
        "ts": "1519409308.000340"
    },
    {
        "type": "message",
        "user": "U9789MP9B",
        "text": "1. The system shall store user information including name, email, geolocation, username, and password?",
        "ts": "1519409345.000613"
    },
    {
        "type": "message",
        "user": "U9BG6E16C",
        "text": "List of Use Cases 1. Login to system using account information (username and password) ",
        "client_msg_id": "a06d9b56-dffc-49ff-a16e-42e765bd4b50",
        "ts": "1519409385.000305"
    },
    {
        "type": "message",
        "user": "U9789MP9B",
        "text": "<@U970EQ95H> which cases are we doing?",
        "ts": "1519409406.000610"
    },
    {
        "type": "message",
        "user": "U9BG6E16C",
        "text": "You're doing these based on the use case pdf i uploaded",
        "client_msg_id": "f258e530-f1c5-4875-a4bd-9942ea795ded",
        "ts": "1519409409.000661"
    },
    {
        "type": "message",
        "user": "U9789MP9B",
        "text": "I thought it was the second one",
        "ts": "1519409418.000371"
    },
    {
        "type": "message",
        "user": "U9BG6E16C",
        "text": "Not the requirements list",
        "client_msg_id": "28d2e16b-83f3-40fa-8dfe-61c0a1fd3b5f",
        "ts": "1519409420.000076"
    },
    {
        "type": "message",
        "user": "U9BG6E16C",
        "text": "Nah",
        "client_msg_id": "098889d1-d2f3-486e-8598-499e7461015b",
        "ts": "1519409422.000691"
    },
    {
        "type": "message",
        "user": "U9789MP9B",
        "text": "oh",
        "ts": "1519409424.000250"
    },
    {
        "type": "message",
        "user": "U9789MP9B",
        "text": "wait so then",
        "ts": "1519409495.000646"
    },
    {
        "type": "message",
        "user": "U9789MP9B",
        "text": "how is it divided up?",
        "ts": "1519409499.000149"
    },
    {
        "type": "message",
        "user": "U9BG6E16C",
        "text": "You're still doing 4-6",
        "client_msg_id": "672712dc-cc6b-4af8-b00e-c0cdee065516",
        "ts": "1519409542.000310"
    },
    {
        "type": "message",
        "user": "U9BG6E16C",
        "text": "The only thing that changed is 3 was removed",
        "client_msg_id": "5afcfd7d-55a8-490e-8205-db890cf55cb4",
        "ts": "1519409554.000142"
    },
    {
        "type": "message",
        "user": "U9BG6E16C",
        "text": "On the PDF I uploaded, the list is the very bottom one",
        "ts": "1519409645.000582"
    }
]