[
    {
        "type": "message",
        "user": "U9789MP9B",
        "text": "So assignment 6 is the last one for code submission?",
        "ts": "1522720849.000064"
    },
    {
        "type": "message",
        "subtype": "file_share",
        "text": "<@U9789MP9B> uploaded a file: <https:\/\/renegonbits.slack.com\/files\/U9789MP9B\/FA06RK137\/image.png|image.png> and commented: uh sooooo.... 5-10 minutes or less than 5 minutes?",
        "file": {
            "id": "FA06RK137",
            "created": 1522722121,
            "timestamp": 1522722121,
            "name": "image.png",
            "title": "image.png",
            "mimetype": "image\/png",
            "filetype": "png",
            "pretty_type": "PNG",
            "user": "U9789MP9B",
            "editable": false,
            "size": 26918,
            "mode": "hosted",
            "is_external": false,
            "external_type": "",
            "is_public": true,
            "public_url_shared": false,
            "display_as_bot": false,
            "username": "",
            "url_private": "https:\/\/files.slack.com\/files-pri\/T970EQ935-FA06RK137\/image.png?t=xoxe-313014825107-346247768849-346247768897-2232e62bdbe2aa520b5b67ca8332cf3d",
            "url_private_download": "https:\/\/files.slack.com\/files-pri\/T970EQ935-FA06RK137\/download\/image.png?t=xoxe-313014825107-346247768849-346247768897-2232e62bdbe2aa520b5b67ca8332cf3d",
            "thumb_64": "https:\/\/files.slack.com\/files-tmb\/T970EQ935-FA06RK137-17a47ba368\/image_64.png?t=xoxe-313014825107-346247768849-346247768897-2232e62bdbe2aa520b5b67ca8332cf3d",
            "thumb_80": "https:\/\/files.slack.com\/files-tmb\/T970EQ935-FA06RK137-17a47ba368\/image_80.png?t=xoxe-313014825107-346247768849-346247768897-2232e62bdbe2aa520b5b67ca8332cf3d",
            "thumb_360": "https:\/\/files.slack.com\/files-tmb\/T970EQ935-FA06RK137-17a47ba368\/image_360.png?t=xoxe-313014825107-346247768849-346247768897-2232e62bdbe2aa520b5b67ca8332cf3d",
            "thumb_360_w": 360,
            "thumb_360_h": 36,
            "thumb_480": "https:\/\/files.slack.com\/files-tmb\/T970EQ935-FA06RK137-17a47ba368\/image_480.png?t=xoxe-313014825107-346247768849-346247768897-2232e62bdbe2aa520b5b67ca8332cf3d",
            "thumb_480_w": 480,
            "thumb_480_h": 48,
            "thumb_160": "https:\/\/files.slack.com\/files-tmb\/T970EQ935-FA06RK137-17a47ba368\/image_160.png?t=xoxe-313014825107-346247768849-346247768897-2232e62bdbe2aa520b5b67ca8332cf3d",
            "thumb_720": "https:\/\/files.slack.com\/files-tmb\/T970EQ935-FA06RK137-17a47ba368\/image_720.png?t=xoxe-313014825107-346247768849-346247768897-2232e62bdbe2aa520b5b67ca8332cf3d",
            "thumb_720_w": 720,
            "thumb_720_h": 73,
            "thumb_800": "https:\/\/files.slack.com\/files-tmb\/T970EQ935-FA06RK137-17a47ba368\/image_800.png?t=xoxe-313014825107-346247768849-346247768897-2232e62bdbe2aa520b5b67ca8332cf3d",
            "thumb_800_w": 800,
            "thumb_800_h": 81,
            "image_exif_rotation": 1,
            "original_w": 932,
            "original_h": 94,
            "permalink": "https:\/\/renegonbits.slack.com\/files\/U9789MP9B\/FA06RK137\/image.png",
            "permalink_public": "https:\/\/slack-files.com\/T970EQ935-FA06RK137-cefac20d36",
            "channels": [],
            "groups": [],
            "ims": [],
            "comments_count": 1,
            "initial_comment": {
                "id": "FcA06RK7HB",
                "created": 1522722121,
                "timestamp": 1522722121,
                "user": "U9789MP9B",
                "is_intro": true,
                "comment": "uh sooooo.... 5-10 minutes or less than 5 minutes?"
            }
        },
        "user": "U9789MP9B",
        "upload": true,
        "display_as_bot": false,
        "username": "nsinha2",
        "bot_id": null,
        "ts": "1522722123.000171"
    },
    {
        "type": "message",
        "user": "U9C5ZAJRF",
        "text": ":joy:",
        "client_msg_id": "f2f19122-1ce1-4d44-acda-1c0f3da4d93d",
        "ts": "1522724473.000293"
    }
]