[
    {
        "type": "message",
        "user": "U9BG6E16C",
        "text": "So he released the presentation schedule",
        "ts": "1523243722.000181"
    },
    {
        "type": "message",
        "user": "U9BG6E16C",
        "text": "We're the very last group on April 18th",
        "ts": "1523243735.000017"
    },
    {
        "type": "message",
        "user": "U9C5ZAJRF",
        "text": "He's gonna be expecting some good stuff then I assume",
        "client_msg_id": "a750e445-da7a-4a2d-b4d4-77b401090a99",
        "ts": "1523255121.000049"
    }
]