[
    {
        "type": "message",
        "user": "U9C5ZAJRF",
        "text": "Also <!channel> we need to do a peer review through Jason",
        "ts": "1520611460.000651"
    },
    {
        "type": "message",
        "user": "U970EQ95H",
        "text": "No, you do your own. The document is on icollege, and you submit it in Assignment 4",
        "ts": "1520611500.000104",
        "reactions": [
            {
                "name": "+1",
                "users": [
                    "U9789MP9B"
                ],
                "count": 1
            }
        ]
    },
    {
        "type": "message",
        "user": "U9C5ZAJRF",
        "text": "Oh, is it seperate?",
        "ts": "1520611514.000398"
    },
    {
        "type": "message",
        "user": "U9C5ZAJRF",
        "text": "It says through the coordinator lol",
        "ts": "1520611522.000615"
    },
    {
        "type": "message",
        "user": "U9C5ZAJRF",
        "text": "maybe Im crazy",
        "ts": "1520611525.000233"
    },
    {
        "type": "message",
        "user": "U9789MP9B",
        "text": "Nope",
        "client_msg_id": "7d7983e5-5a2f-4878-86f7-5656f588364f",
        "ts": "1520611544.000810"
    },
    {
        "type": "message",
        "user": "U9C5ZAJRF",
        "text": "&gt;This evaluation will be accomplished individually and confidentially by the evaluator.",
        "ts": "1520611547.000113"
    },
    {
        "type": "message",
        "user": "U9789MP9B",
        "text": "You are the evaluator",
        "client_msg_id": "99c9fe75-1403-43c9-ac5a-17fd90dccbfc",
        "edited": {
            "user": "U9789MP9B",
            "ts": "1520792585.000000"
        },
        "ts": "1520611562.000896"
    },
    {
        "type": "message",
        "user": "U9C5ZAJRF",
        "text": "Oh my god Im just dumb af",
        "ts": "1520611575.000164"
    },
    {
        "type": "message",
        "user": "U9C5ZAJRF",
        "text": ":heart:",
        "ts": "1520611581.000575"
    },
    {
        "type": "message",
        "user": "U9C5ZAJRF",
        "text": "Ignore me",
        "ts": "1520611585.000393"
    },
    {
        "type": "message",
        "user": "U9BG6E16C",
        "text": "So, are we sticking with Java or moving to web-based? <!channel>",
        "ts": "1520619050.000771"
    },
    {
        "type": "message",
        "user": "U9BG6E16C",
        "text": "When it comes to web-based I know even less of what I'm doing.",
        "ts": "1520619057.000480"
    },
    {
        "type": "message",
        "user": "U9BG6E16C",
        "text": "But it feels less like any real work at the same time. *shrug*",
        "ts": "1520619084.000341"
    },
    {
        "type": "message",
        "user": "U9C5ZAJRF",
        "text": "I prefer that we do a web based solution, a lot of it is done for you, and we have relative experience from Nish and Brian",
        "client_msg_id": "fae7ec64-eca6-4515-b1b6-ed1dcc2b480f",
        "ts": "1520619413.000246"
    },
    {
        "type": "message",
        "user": "U970EQ95H",
        "text": "If we do web-based, we don’t really have classes which is what we’ve been making all of the UML stuff for, so that all goes to waste, and I think Mussa is looking software instead of a web app",
        "client_msg_id": "62F9FC05-C990-4C6F-BBA9-26759986FB04",
        "ts": "1520620255.000439"
    },
    {
        "type": "message",
        "user": "U9C5ZAJRF",
        "text": "Ohhh, okay that is fair. Um, well... I'll leave that to you to decide then",
        "client_msg_id": "be48e245-8035-4b34-a27a-5a99caed341d",
        "ts": "1520620354.000581"
    },
    {
        "type": "message",
        "user": "U9C5ZAJRF",
        "text": "<@U9D1J4RJS> SCRAP THE WORK (\/s)",
        "client_msg_id": "ead7eb7a-be44-4c99-a1d2-4251442ca5d9",
        "edited": {
            "user": "U9C5ZAJRF",
            "ts": "1520620387.000000"
        },
        "ts": "1520620368.000617"
    },
    {
        "type": "message",
        "user": "U9C5ZAJRF",
        "text": "I do say though there are ways to express our objects and classes in a web based manner",
        "client_msg_id": "51e7c52a-0a64-4dd8-883f-f4b751eb7596",
        "ts": "1520620432.000056"
    },
    {
        "type": "message",
        "user": "U9C5ZAJRF",
        "text": "It just won't follow usual conventions, I would imagine",
        "client_msg_id": "6633fd63-b900-473f-b2b5-a1edde70a818",
        "ts": "1520620443.000248"
    },
    {
        "type": "message",
        "user": "U970EQ95H",
        "text": "How difficult do you think it would be to implement this system in Java vs JS?",
        "client_msg_id": "B54A28BB-7037-49CA-B4F0-DB74C6BF5B05",
        "ts": "1520620534.000263"
    },
    {
        "type": "message",
        "user": "U970EQ95H",
        "text": "I think the biggest pain would be the GUI, but other parts shouldn’t be that bad. Let me know what you think",
        "client_msg_id": "576B299A-D388-4B04-942C-DA97D9F8BA9C",
        "ts": "1520620605.000741"
    },
    {
        "type": "message",
        "user": "U9C5ZAJRF",
        "text": "Yeah GUI is the thing. Who here is familiar with JavaFX?",
        "client_msg_id": "3ba3e308-4b6e-4a2a-8c6f-b5882e013cc6",
        "ts": "1520620688.000083"
    },
    {
        "type": "message",
        "user": "U9C5ZAJRF",
        "text": "Cause if no one, that's not a very \"just getting into it\" friendly package",
        "client_msg_id": "f78fae35-f52d-4148-9180-3c10e1aae573",
        "ts": "1520620707.000621"
    },
    {
        "type": "message",
        "user": "U9C5ZAJRF",
        "text": "Phillip can confirm, and I have a bit too",
        "client_msg_id": "4e5e818b-d478-475c-81f8-b396ced6e786",
        "ts": "1520620726.000193"
    },
    {
        "type": "message",
        "user": "U9BG6E16C",
        "text": "I'm not.",
        "ts": "1520620755.000005"
    },
    {
        "type": "message",
        "user": "U970EQ95H",
        "text": "I’ve messed with it a little bit, but that was a while ago",
        "client_msg_id": "8FDF845C-0EDC-4169-8CE5-5557641E3012",
        "ts": "1520620759.000488"
    },
    {
        "type": "message",
        "user": "U9BG6E16C",
        "text": "Is there no Java GUI library that's super simple? We don't need anything complex",
        "ts": "1520620807.000330"
    },
    {
        "type": "message",
        "user": "U970EQ95H",
        "text": "Especially for right now. We just need a simple GUI and can update it as we go",
        "client_msg_id": "7A988D0F-FB58-4DBB-9210-DE243F1F85B9",
        "ts": "1520620841.000265"
    },
    {
        "type": "message",
        "user": "U9C5ZAJRF",
        "text": "Swing exists but while simple it's also hella garbage and is literally awful",
        "client_msg_id": "e578057f-83d3-4f08-8162-0c4eee726ca3",
        "ts": "1520620882.000019"
    },
    {
        "type": "message",
        "user": "U9BG6E16C",
        "text": "In terms of?",
        "ts": "1520620980.000124"
    },
    {
        "type": "message",
        "user": "U9C5ZAJRF",
        "text": "Scaling, item placement, complex art assets, and event handling",
        "client_msg_id": "5c8d3a49-d76d-455a-93a1-f3516097b948",
        "ts": "1520621014.000427"
    },
    {
        "type": "message",
        "user": "U9BG6E16C",
        "text": "Mmm...",
        "ts": "1520621171.000020"
    },
    {
        "type": "message",
        "user": "U9BG6E16C",
        "text": "Dunno",
        "ts": "1520621200.000400"
    },
    {
        "type": "message",
        "user": "U9BG6E16C",
        "text": "So are we sticking with Java or not? We need to decide ASAP because we have until tomorrow to get this done",
        "ts": "1520621650.000202"
    },
    {
        "type": "message",
        "user": "U9BG6E16C",
        "text": "We don't even need a GUI at this stage",
        "ts": "1520621740.000656"
    },
    {
        "type": "message",
        "user": "U970EQ95H",
        "text": "Personally, I would prefer Java. We’ll just have to do some extra work on the GUI",
        "client_msg_id": "2A87C300-0865-4D35-ADE3-64CC7319AB7A",
        "ts": "1520621764.000351"
    },
    {
        "type": "message",
        "user": "U9BG6E16C",
        "text": "Yeah, which can be done later",
        "ts": "1520621781.000330"
    },
    {
        "type": "message",
        "user": "U9BG6E16C",
        "text": "Logging into a database and searching for posts can be done all command line",
        "ts": "1520621805.000695"
    },
    {
        "type": "message",
        "user": "U9BG6E16C",
        "text": "or terminal, console, whatever",
        "ts": "1520621822.000453"
    },
    {
        "type": "message",
        "user": "U970EQ95H",
        "text": "Well, I actually think we do need some kind of GUI right now, but it doesn’t have to be complex",
        "client_msg_id": "AA2A510B-2E57-45F8-ABFB-C860932D1C48",
        "ts": "1520621970.000620"
    },
    {
        "type": "message",
        "user": "U9C5ZAJRF",
        "text": "Alrighty",
        "client_msg_id": "05e80dbe-322d-43d4-b207-6677e83c6ff0",
        "ts": "1520622010.000341"
    },
    {
        "type": "message",
        "user": "U9C5ZAJRF",
        "text": "I'm really cool with whatever, I just thought experience with stuff might make it go faster.",
        "client_msg_id": "4b191118-e609-4d93-a7ae-88f215027957",
        "ts": "1520622029.000163"
    },
    {
        "type": "message",
        "user": "U970EQ95H",
        "text": "It would, but I don’t think it’s what Mussa’s looking for",
        "client_msg_id": "75EBB5B3-9EF8-4AAB-B30E-6CA69C6C4298",
        "thread_ts": "1520622099.000521",
        "reply_count": 1,
        "replies": [
            {
                "user": "U9C5ZAJRF",
                "ts": "1520624397.000068"
            }
        ],
        "unread_count": 1,
        "ts": "1520622099.000521"
    },
    {
        "type": "message",
        "subtype": "pinned_item",
        "user": "U9BG6E16C",
        "item_type": "F",
        "text": "<@U9BG6E16C> pinned <@U970EQ95H>’s Image <https:\/\/renegonbits.slack.com\/files\/U970EQ95H\/F9LDD5MPS\/createaccountsequencediagram.jpg|CreateAccountSequenceDiagram.jpg> to this channel.",
        "item": {
            "id": "F9LDD5MPS",
            "created": 1520555903,
            "timestamp": 1520555903,
            "name": "CreateAccountSequenceDiagram.jpg",
            "title": "CreateAccountSequenceDiagram.jpg",
            "mimetype": "image\/jpeg",
            "filetype": "jpg",
            "pretty_type": "JPEG",
            "user": "U970EQ95H",
            "editable": false,
            "size": 77804,
            "mode": "hosted",
            "is_external": false,
            "external_type": "",
            "is_public": true,
            "public_url_shared": false,
            "display_as_bot": false,
            "username": "",
            "url_private": "https:\/\/files.slack.com\/files-pri\/T970EQ935-F9LDD5MPS\/createaccountsequencediagram.jpg?t=xoxe-313014825107-346247768849-346247768897-2232e62bdbe2aa520b5b67ca8332cf3d",
            "url_private_download": "https:\/\/files.slack.com\/files-pri\/T970EQ935-F9LDD5MPS\/download\/createaccountsequencediagram.jpg?t=xoxe-313014825107-346247768849-346247768897-2232e62bdbe2aa520b5b67ca8332cf3d",
            "thumb_64": "https:\/\/files.slack.com\/files-tmb\/T970EQ935-F9LDD5MPS-3ecc32fa2a\/createaccountsequencediagram_64.jpg?t=xoxe-313014825107-346247768849-346247768897-2232e62bdbe2aa520b5b67ca8332cf3d",
            "thumb_80": "https:\/\/files.slack.com\/files-tmb\/T970EQ935-F9LDD5MPS-3ecc32fa2a\/createaccountsequencediagram_80.jpg?t=xoxe-313014825107-346247768849-346247768897-2232e62bdbe2aa520b5b67ca8332cf3d",
            "thumb_360": "https:\/\/files.slack.com\/files-tmb\/T970EQ935-F9LDD5MPS-3ecc32fa2a\/createaccountsequencediagram_360.jpg?t=xoxe-313014825107-346247768849-346247768897-2232e62bdbe2aa520b5b67ca8332cf3d",
            "thumb_360_w": 360,
            "thumb_360_h": 298,
            "thumb_480": "https:\/\/files.slack.com\/files-tmb\/T970EQ935-F9LDD5MPS-3ecc32fa2a\/createaccountsequencediagram_480.jpg?t=xoxe-313014825107-346247768849-346247768897-2232e62bdbe2aa520b5b67ca8332cf3d",
            "thumb_480_w": 480,
            "thumb_480_h": 397,
            "thumb_160": "https:\/\/files.slack.com\/files-tmb\/T970EQ935-F9LDD5MPS-3ecc32fa2a\/createaccountsequencediagram_160.jpg?t=xoxe-313014825107-346247768849-346247768897-2232e62bdbe2aa520b5b67ca8332cf3d",
            "thumb_720": "https:\/\/files.slack.com\/files-tmb\/T970EQ935-F9LDD5MPS-3ecc32fa2a\/createaccountsequencediagram_720.jpg?t=xoxe-313014825107-346247768849-346247768897-2232e62bdbe2aa520b5b67ca8332cf3d",
            "thumb_720_w": 720,
            "thumb_720_h": 595,
            "thumb_800": "https:\/\/files.slack.com\/files-tmb\/T970EQ935-F9LDD5MPS-3ecc32fa2a\/createaccountsequencediagram_800.jpg?t=xoxe-313014825107-346247768849-346247768897-2232e62bdbe2aa520b5b67ca8332cf3d",
            "thumb_800_w": 800,
            "thumb_800_h": 661,
            "thumb_960": "https:\/\/files.slack.com\/files-tmb\/T970EQ935-F9LDD5MPS-3ecc32fa2a\/createaccountsequencediagram_960.jpg?t=xoxe-313014825107-346247768849-346247768897-2232e62bdbe2aa520b5b67ca8332cf3d",
            "thumb_960_w": 960,
            "thumb_960_h": 794,
            "thumb_1024": "https:\/\/files.slack.com\/files-tmb\/T970EQ935-F9LDD5MPS-3ecc32fa2a\/createaccountsequencediagram_1024.jpg?t=xoxe-313014825107-346247768849-346247768897-2232e62bdbe2aa520b5b67ca8332cf3d",
            "thumb_1024_w": 1024,
            "thumb_1024_h": 847,
            "image_exif_rotation": 1,
            "original_w": 1062,
            "original_h": 878,
            "permalink": "https:\/\/renegonbits.slack.com\/files\/U970EQ95H\/F9LDD5MPS\/createaccountsequencediagram.jpg",
            "permalink_public": "https:\/\/slack-files.com\/T970EQ935-F9LDD5MPS-d83dc9b1f1",
            "channels": [],
            "groups": [],
            "ims": [],
            "comments_count": 0
        },
        "ts": "1520622105.000709"
    },
    {
        "type": "message",
        "subtype": "pinned_item",
        "user": "U9BG6E16C",
        "item_type": "F",
        "text": "<@U9BG6E16C> pinned <@U970EQ95H>’s Image <https:\/\/renegonbits.slack.com\/files\/U970EQ95H\/F9MU53ZT8\/displaypostssequencediagram.jpg|DisplayPostsSequenceDiagram.jpg> to this channel.",
        "item": {
            "id": "F9MU53ZT8",
            "created": 1520555906,
            "timestamp": 1520555906,
            "name": "DisplayPostsSequenceDiagram.jpg",
            "title": "DisplayPostsSequenceDiagram.jpg",
            "mimetype": "image\/jpeg",
            "filetype": "jpg",
            "pretty_type": "JPEG",
            "user": "U970EQ95H",
            "editable": false,
            "size": 80331,
            "mode": "hosted",
            "is_external": false,
            "external_type": "",
            "is_public": true,
            "public_url_shared": false,
            "display_as_bot": false,
            "username": "",
            "url_private": "https:\/\/files.slack.com\/files-pri\/T970EQ935-F9MU53ZT8\/displaypostssequencediagram.jpg?t=xoxe-313014825107-346247768849-346247768897-2232e62bdbe2aa520b5b67ca8332cf3d",
            "url_private_download": "https:\/\/files.slack.com\/files-pri\/T970EQ935-F9MU53ZT8\/download\/displaypostssequencediagram.jpg?t=xoxe-313014825107-346247768849-346247768897-2232e62bdbe2aa520b5b67ca8332cf3d",
            "thumb_64": "https:\/\/files.slack.com\/files-tmb\/T970EQ935-F9MU53ZT8-ae20c167a9\/displaypostssequencediagram_64.jpg?t=xoxe-313014825107-346247768849-346247768897-2232e62bdbe2aa520b5b67ca8332cf3d",
            "thumb_80": "https:\/\/files.slack.com\/files-tmb\/T970EQ935-F9MU53ZT8-ae20c167a9\/displaypostssequencediagram_80.jpg?t=xoxe-313014825107-346247768849-346247768897-2232e62bdbe2aa520b5b67ca8332cf3d",
            "thumb_360": "https:\/\/files.slack.com\/files-tmb\/T970EQ935-F9MU53ZT8-ae20c167a9\/displaypostssequencediagram_360.jpg?t=xoxe-313014825107-346247768849-346247768897-2232e62bdbe2aa520b5b67ca8332cf3d",
            "thumb_360_w": 360,
            "thumb_360_h": 281,
            "thumb_480": "https:\/\/files.slack.com\/files-tmb\/T970EQ935-F9MU53ZT8-ae20c167a9\/displaypostssequencediagram_480.jpg?t=xoxe-313014825107-346247768849-346247768897-2232e62bdbe2aa520b5b67ca8332cf3d",
            "thumb_480_w": 480,
            "thumb_480_h": 375,
            "thumb_160": "https:\/\/files.slack.com\/files-tmb\/T970EQ935-F9MU53ZT8-ae20c167a9\/displaypostssequencediagram_160.jpg?t=xoxe-313014825107-346247768849-346247768897-2232e62bdbe2aa520b5b67ca8332cf3d",
            "thumb_720": "https:\/\/files.slack.com\/files-tmb\/T970EQ935-F9MU53ZT8-ae20c167a9\/displaypostssequencediagram_720.jpg?t=xoxe-313014825107-346247768849-346247768897-2232e62bdbe2aa520b5b67ca8332cf3d",
            "thumb_720_w": 720,
            "thumb_720_h": 562,
            "thumb_800": "https:\/\/files.slack.com\/files-tmb\/T970EQ935-F9MU53ZT8-ae20c167a9\/displaypostssequencediagram_800.jpg?t=xoxe-313014825107-346247768849-346247768897-2232e62bdbe2aa520b5b67ca8332cf3d",
            "thumb_800_w": 800,
            "thumb_800_h": 625,
            "thumb_960": "https:\/\/files.slack.com\/files-tmb\/T970EQ935-F9MU53ZT8-ae20c167a9\/displaypostssequencediagram_960.jpg?t=xoxe-313014825107-346247768849-346247768897-2232e62bdbe2aa520b5b67ca8332cf3d",
            "thumb_960_w": 960,
            "thumb_960_h": 750,
            "thumb_1024": "https:\/\/files.slack.com\/files-tmb\/T970EQ935-F9MU53ZT8-ae20c167a9\/displaypostssequencediagram_1024.jpg?t=xoxe-313014825107-346247768849-346247768897-2232e62bdbe2aa520b5b67ca8332cf3d",
            "thumb_1024_w": 1024,
            "thumb_1024_h": 799,
            "image_exif_rotation": 1,
            "original_w": 1122,
            "original_h": 876,
            "permalink": "https:\/\/renegonbits.slack.com\/files\/U970EQ95H\/F9MU53ZT8\/displaypostssequencediagram.jpg",
            "permalink_public": "https:\/\/slack-files.com\/T970EQ935-F9MU53ZT8-244ae88b34",
            "channels": [],
            "groups": [],
            "ims": [],
            "comments_count": 0
        },
        "ts": "1520622111.000405"
    },
    {
        "type": "message",
        "subtype": "pinned_item",
        "user": "U9BG6E16C",
        "item_type": "F",
        "text": "<@U9BG6E16C> pinned <@U970EQ95H>’s Image <https:\/\/renegonbits.slack.com\/files\/U970EQ95H\/F9MU54JNA\/loginsequencediagram.jpg|LoginSequenceDiagram.jpg> to this channel.",
        "item": {
            "id": "F9MU54JNA",
            "created": 1520555909,
            "timestamp": 1520555909,
            "name": "LoginSequenceDiagram.jpg",
            "title": "LoginSequenceDiagram.jpg",
            "mimetype": "image\/jpeg",
            "filetype": "jpg",
            "pretty_type": "JPEG",
            "user": "U970EQ95H",
            "editable": false,
            "size": 80967,
            "mode": "hosted",
            "is_external": false,
            "external_type": "",
            "is_public": true,
            "public_url_shared": false,
            "display_as_bot": false,
            "username": "",
            "url_private": "https:\/\/files.slack.com\/files-pri\/T970EQ935-F9MU54JNA\/loginsequencediagram.jpg?t=xoxe-313014825107-346247768849-346247768897-2232e62bdbe2aa520b5b67ca8332cf3d",
            "url_private_download": "https:\/\/files.slack.com\/files-pri\/T970EQ935-F9MU54JNA\/download\/loginsequencediagram.jpg?t=xoxe-313014825107-346247768849-346247768897-2232e62bdbe2aa520b5b67ca8332cf3d",
            "thumb_64": "https:\/\/files.slack.com\/files-tmb\/T970EQ935-F9MU54JNA-25c14f89c4\/loginsequencediagram_64.jpg?t=xoxe-313014825107-346247768849-346247768897-2232e62bdbe2aa520b5b67ca8332cf3d",
            "thumb_80": "https:\/\/files.slack.com\/files-tmb\/T970EQ935-F9MU54JNA-25c14f89c4\/loginsequencediagram_80.jpg?t=xoxe-313014825107-346247768849-346247768897-2232e62bdbe2aa520b5b67ca8332cf3d",
            "thumb_360": "https:\/\/files.slack.com\/files-tmb\/T970EQ935-F9MU54JNA-25c14f89c4\/loginsequencediagram_360.jpg?t=xoxe-313014825107-346247768849-346247768897-2232e62bdbe2aa520b5b67ca8332cf3d",
            "thumb_360_w": 360,
            "thumb_360_h": 355,
            "thumb_480": "https:\/\/files.slack.com\/files-tmb\/T970EQ935-F9MU54JNA-25c14f89c4\/loginsequencediagram_480.jpg?t=xoxe-313014825107-346247768849-346247768897-2232e62bdbe2aa520b5b67ca8332cf3d",
            "thumb_480_w": 480,
            "thumb_480_h": 473,
            "thumb_160": "https:\/\/files.slack.com\/files-tmb\/T970EQ935-F9MU54JNA-25c14f89c4\/loginsequencediagram_160.jpg?t=xoxe-313014825107-346247768849-346247768897-2232e62bdbe2aa520b5b67ca8332cf3d",
            "thumb_720": "https:\/\/files.slack.com\/files-tmb\/T970EQ935-F9MU54JNA-25c14f89c4\/loginsequencediagram_720.jpg?t=xoxe-313014825107-346247768849-346247768897-2232e62bdbe2aa520b5b67ca8332cf3d",
            "thumb_720_w": 720,
            "thumb_720_h": 710,
            "thumb_800": "https:\/\/files.slack.com\/files-tmb\/T970EQ935-F9MU54JNA-25c14f89c4\/loginsequencediagram_800.jpg?t=xoxe-313014825107-346247768849-346247768897-2232e62bdbe2aa520b5b67ca8332cf3d",
            "thumb_800_w": 800,
            "thumb_800_h": 788,
            "image_exif_rotation": 1,
            "original_w": 892,
            "original_h": 879,
            "permalink": "https:\/\/renegonbits.slack.com\/files\/U970EQ95H\/F9MU54JNA\/loginsequencediagram.jpg",
            "permalink_public": "https:\/\/slack-files.com\/T970EQ935-F9MU54JNA-46798d06ee",
            "channels": [],
            "groups": [],
            "ims": [],
            "comments_count": 0
        },
        "ts": "1520622115.000756"
    },
    {
        "type": "message",
        "subtype": "pinned_item",
        "user": "U9BG6E16C",
        "item_type": "F",
        "text": "<@U9BG6E16C> pinned <@U970EQ95H>’s Image <https:\/\/renegonbits.slack.com\/files\/U970EQ95H\/F9LDD71KJ\/querydatabasesequencediagram.jpg|QueryDatabaseSequenceDiagram.jpg> to this channel.",
        "item": {
            "id": "F9LDD71KJ",
            "created": 1520555911,
            "timestamp": 1520555911,
            "name": "QueryDatabaseSequenceDiagram.jpg",
            "title": "QueryDatabaseSequenceDiagram.jpg",
            "mimetype": "image\/jpeg",
            "filetype": "jpg",
            "pretty_type": "JPEG",
            "user": "U970EQ95H",
            "editable": false,
            "size": 86589,
            "mode": "hosted",
            "is_external": false,
            "external_type": "",
            "is_public": true,
            "public_url_shared": false,
            "display_as_bot": false,
            "username": "",
            "url_private": "https:\/\/files.slack.com\/files-pri\/T970EQ935-F9LDD71KJ\/querydatabasesequencediagram.jpg?t=xoxe-313014825107-346247768849-346247768897-2232e62bdbe2aa520b5b67ca8332cf3d",
            "url_private_download": "https:\/\/files.slack.com\/files-pri\/T970EQ935-F9LDD71KJ\/download\/querydatabasesequencediagram.jpg?t=xoxe-313014825107-346247768849-346247768897-2232e62bdbe2aa520b5b67ca8332cf3d",
            "thumb_64": "https:\/\/files.slack.com\/files-tmb\/T970EQ935-F9LDD71KJ-6bc2aeddc0\/querydatabasesequencediagram_64.jpg?t=xoxe-313014825107-346247768849-346247768897-2232e62bdbe2aa520b5b67ca8332cf3d",
            "thumb_80": "https:\/\/files.slack.com\/files-tmb\/T970EQ935-F9LDD71KJ-6bc2aeddc0\/querydatabasesequencediagram_80.jpg?t=xoxe-313014825107-346247768849-346247768897-2232e62bdbe2aa520b5b67ca8332cf3d",
            "thumb_360": "https:\/\/files.slack.com\/files-tmb\/T970EQ935-F9LDD71KJ-6bc2aeddc0\/querydatabasesequencediagram_360.jpg?t=xoxe-313014825107-346247768849-346247768897-2232e62bdbe2aa520b5b67ca8332cf3d",
            "thumb_360_w": 360,
            "thumb_360_h": 286,
            "thumb_480": "https:\/\/files.slack.com\/files-tmb\/T970EQ935-F9LDD71KJ-6bc2aeddc0\/querydatabasesequencediagram_480.jpg?t=xoxe-313014825107-346247768849-346247768897-2232e62bdbe2aa520b5b67ca8332cf3d",
            "thumb_480_w": 480,
            "thumb_480_h": 382,
            "thumb_160": "https:\/\/files.slack.com\/files-tmb\/T970EQ935-F9LDD71KJ-6bc2aeddc0\/querydatabasesequencediagram_160.jpg?t=xoxe-313014825107-346247768849-346247768897-2232e62bdbe2aa520b5b67ca8332cf3d",
            "thumb_720": "https:\/\/files.slack.com\/files-tmb\/T970EQ935-F9LDD71KJ-6bc2aeddc0\/querydatabasesequencediagram_720.jpg?t=xoxe-313014825107-346247768849-346247768897-2232e62bdbe2aa520b5b67ca8332cf3d",
            "thumb_720_w": 720,
            "thumb_720_h": 573,
            "thumb_800": "https:\/\/files.slack.com\/files-tmb\/T970EQ935-F9LDD71KJ-6bc2aeddc0\/querydatabasesequencediagram_800.jpg?t=xoxe-313014825107-346247768849-346247768897-2232e62bdbe2aa520b5b67ca8332cf3d",
            "thumb_800_w": 800,
            "thumb_800_h": 636,
            "thumb_960": "https:\/\/files.slack.com\/files-tmb\/T970EQ935-F9LDD71KJ-6bc2aeddc0\/querydatabasesequencediagram_960.jpg?t=xoxe-313014825107-346247768849-346247768897-2232e62bdbe2aa520b5b67ca8332cf3d",
            "thumb_960_w": 960,
            "thumb_960_h": 763,
            "thumb_1024": "https:\/\/files.slack.com\/files-tmb\/T970EQ935-F9LDD71KJ-6bc2aeddc0\/querydatabasesequencediagram_1024.jpg?t=xoxe-313014825107-346247768849-346247768897-2232e62bdbe2aa520b5b67ca8332cf3d",
            "thumb_1024_w": 1024,
            "thumb_1024_h": 814,
            "image_exif_rotation": 1,
            "original_w": 1104,
            "original_h": 878,
            "permalink": "https:\/\/renegonbits.slack.com\/files\/U970EQ95H\/F9LDD71KJ\/querydatabasesequencediagram.jpg",
            "permalink_public": "https:\/\/slack-files.com\/T970EQ935-F9LDD71KJ-c0632c1ecb",
            "channels": [],
            "groups": [],
            "ims": [],
            "comments_count": 0
        },
        "ts": "1520622122.000691"
    },
    {
        "type": "message",
        "subtype": "pinned_item",
        "user": "U9BG6E16C",
        "item_type": "F",
        "text": "<@U9BG6E16C> pinned <@U970EQ95H>’s PDF <https:\/\/renegonbits.slack.com\/files\/U970EQ95H\/F9KU3LJ31\/jasonherrera_renegonbits.pdf|JasonHerrera_RenegonBits.pdf> to this channel.",
        "item": {
            "id": "F9KU3LJ31",
            "created": 1520280755,
            "timestamp": 1520280755,
            "name": "JasonHerrera_RenegonBits.pdf",
            "title": "JasonHerrera_RenegonBits.pdf",
            "mimetype": "application\/pdf",
            "filetype": "pdf",
            "pretty_type": "PDF",
            "user": "U970EQ95H",
            "editable": false,
            "size": 335896,
            "mode": "hosted",
            "is_external": false,
            "external_type": "",
            "is_public": true,
            "public_url_shared": false,
            "display_as_bot": false,
            "username": "",
            "url_private": "https:\/\/files.slack.com\/files-pri\/T970EQ935-F9KU3LJ31\/jasonherrera_renegonbits.pdf?t=xoxe-313014825107-346247768849-346247768897-2232e62bdbe2aa520b5b67ca8332cf3d",
            "url_private_download": "https:\/\/files.slack.com\/files-pri\/T970EQ935-F9KU3LJ31\/download\/jasonherrera_renegonbits.pdf?t=xoxe-313014825107-346247768849-346247768897-2232e62bdbe2aa520b5b67ca8332cf3d",
            "thumb_pdf": "https:\/\/files.slack.com\/files-tmb\/T970EQ935-F9KU3LJ31-2a45c67cfc\/jasonherrera_renegonbits_thumb_pdf.png?t=xoxe-313014825107-346247768849-346247768897-2232e62bdbe2aa520b5b67ca8332cf3d",
            "thumb_pdf_w": 935,
            "thumb_pdf_h": 1210,
            "permalink": "https:\/\/renegonbits.slack.com\/files\/U970EQ95H\/F9KU3LJ31\/jasonherrera_renegonbits.pdf",
            "permalink_public": "https:\/\/slack-files.com\/T970EQ935-F9KU3LJ31-9f6a302399",
            "channels": [],
            "groups": [],
            "ims": [],
            "comments_count": 1,
            "initial_comment": {
                "id": "Fc9JPPCGBV",
                "created": 1520280755,
                "timestamp": 1520280755,
                "user": "U970EQ95H",
                "is_intro": true,
                "comment": "Assignment 2"
            }
        },
        "ts": "1520622162.000467"
    },
    {
        "type": "message",
        "subtype": "pinned_item",
        "user": "U9BG6E16C",
        "item_type": "F",
        "text": "<@U9BG6E16C> pinned <@U970EQ95H>’s PDF <https:\/\/renegonbits.slack.com\/files\/U970EQ95H\/F9KN4FFUN\/jasonherrera_renegonbits.pdf|JasonHerrera_RenegonBits.pdf> to this channel.",
        "item": {
            "id": "F9KN4FFUN",
            "created": 1520280766,
            "timestamp": 1520280766,
            "name": "JasonHerrera_RenegonBits.pdf",
            "title": "JasonHerrera_RenegonBits.pdf",
            "mimetype": "application\/pdf",
            "filetype": "pdf",
            "pretty_type": "PDF",
            "user": "U970EQ95H",
            "editable": false,
            "size": 294527,
            "mode": "hosted",
            "is_external": false,
            "external_type": "",
            "is_public": true,
            "public_url_shared": false,
            "display_as_bot": false,
            "username": "",
            "url_private": "https:\/\/files.slack.com\/files-pri\/T970EQ935-F9KN4FFUN\/jasonherrera_renegonbits.pdf?t=xoxe-313014825107-346247768849-346247768897-2232e62bdbe2aa520b5b67ca8332cf3d",
            "url_private_download": "https:\/\/files.slack.com\/files-pri\/T970EQ935-F9KN4FFUN\/download\/jasonherrera_renegonbits.pdf?t=xoxe-313014825107-346247768849-346247768897-2232e62bdbe2aa520b5b67ca8332cf3d",
            "thumb_pdf": "https:\/\/files.slack.com\/files-tmb\/T970EQ935-F9KN4FFUN-3ca99b3868\/jasonherrera_renegonbits_thumb_pdf.png?t=xoxe-313014825107-346247768849-346247768897-2232e62bdbe2aa520b5b67ca8332cf3d",
            "thumb_pdf_w": 935,
            "thumb_pdf_h": 1210,
            "permalink": "https:\/\/renegonbits.slack.com\/files\/U970EQ95H\/F9KN4FFUN\/jasonherrera_renegonbits.pdf",
            "permalink_public": "https:\/\/slack-files.com\/T970EQ935-F9KN4FFUN-a00d415aef",
            "channels": [],
            "groups": [],
            "ims": [],
            "comments_count": 1,
            "initial_comment": {
                "id": "Fc9JPPG19R",
                "created": 1520280766,
                "timestamp": 1520280766,
                "user": "U970EQ95H",
                "is_intro": true,
                "comment": "Assignment 3"
            }
        },
        "ts": "1520622165.000672"
    },
    {
        "type": "message",
        "subtype": "pinned_item",
        "user": "U9BG6E16C",
        "item_type": "F",
        "text": "<@U9BG6E16C> pinned <@U970EQ95H>’s PDF <https:\/\/renegonbits.slack.com\/files\/U970EQ95H\/F9JPP7FHR\/jasonherrera_renegonbits.pdf|JasonHerrera_RenegonBits.pdf> to this channel.",
        "item": {
            "id": "F9JPP7FHR",
            "created": 1520280740,
            "timestamp": 1520280740,
            "name": "JasonHerrera_RenegonBits.pdf",
            "title": "JasonHerrera_RenegonBits.pdf",
            "mimetype": "application\/pdf",
            "filetype": "pdf",
            "pretty_type": "PDF",
            "user": "U970EQ95H",
            "editable": false,
            "size": 2415562,
            "mode": "hosted",
            "is_external": false,
            "external_type": "",
            "is_public": true,
            "public_url_shared": false,
            "display_as_bot": false,
            "username": "",
            "url_private": "https:\/\/files.slack.com\/files-pri\/T970EQ935-F9JPP7FHR\/jasonherrera_renegonbits.pdf?t=xoxe-313014825107-346247768849-346247768897-2232e62bdbe2aa520b5b67ca8332cf3d",
            "url_private_download": "https:\/\/files.slack.com\/files-pri\/T970EQ935-F9JPP7FHR\/download\/jasonherrera_renegonbits.pdf?t=xoxe-313014825107-346247768849-346247768897-2232e62bdbe2aa520b5b67ca8332cf3d",
            "thumb_pdf": "https:\/\/files.slack.com\/files-tmb\/T970EQ935-F9JPP7FHR-ed1168d457\/jasonherrera_renegonbits_thumb_pdf.png?t=xoxe-313014825107-346247768849-346247768897-2232e62bdbe2aa520b5b67ca8332cf3d",
            "thumb_pdf_w": 935,
            "thumb_pdf_h": 1210,
            "permalink": "https:\/\/renegonbits.slack.com\/files\/U970EQ95H\/F9JPP7FHR\/jasonherrera_renegonbits.pdf",
            "permalink_public": "https:\/\/slack-files.com\/T970EQ935-F9JPP7FHR-340bc1053e",
            "channels": [],
            "groups": [],
            "ims": [],
            "comments_count": 1,
            "initial_comment": {
                "id": "Fc9JPP7ZDZ",
                "created": 1520280740,
                "timestamp": 1520280740,
                "user": "U970EQ95H",
                "is_intro": true,
                "comment": "Assignment 1"
            }
        },
        "ts": "1520622172.000038"
    },
    {
        "type": "message",
        "user": "U9BG6E16C",
        "text": "Woops, didn't realize it lists files. Didn't need to pin them",
        "ts": "1520622514.000757"
    },
    {
        "type": "message",
        "user": "U9C5ZAJRF",
        "text": "Very valid point",
        "client_msg_id": "8f87dd5e-76b7-4481-bd2d-a96c1b56cea2",
        "thread_ts": "1520622099.000521",
        "parent_user_id": "U970EQ95H",
        "ts": "1520624397.000068"
    },
    {
        "type": "message",
        "user": "U9D1J4RJS",
        "text": "So can we just use Reactjs and Nodejs?",
        "ts": "1520633698.000103"
    },
    {
        "type": "message",
        "user": "U9D1J4RJS",
        "text": "With those you can still have the whole class implementations and things so that they fit our class model and trying to anything in Java gets painful and difficult to host\/handoff to mussa when the time comes",
        "ts": "1520633725.000449"
    },
    {
        "type": "message",
        "user": "U9D1J4RJS",
        "text": "With java it'd be a program that could differ cuz of his machine or we can just hand him a url and says \"here ya go\"",
        "ts": "1520633742.000261"
    },
    {
        "type": "message",
        "user": "U9D1J4RJS",
        "text": "I honestly feel like Java is going to be painful because trying to work with swing and stuff liek that is never fun anyways",
        "ts": "1520633760.000419"
    },
    {
        "type": "message",
        "user": "U9D1J4RJS",
        "text": "And no one uses it in actual production for anything anyways",
        "ts": "1520633773.000086"
    },
    {
        "type": "message",
        "user": "U9D1J4RJS",
        "text": "And if he thinks this idea's a good idea, we'll already have a great architecture to continue on this as a website rather than ahving to redo it all togther later because we chose the wrong tech to start with",
        "ts": "1520633804.000268"
    },
    {
        "type": "message",
        "user": "U9D1J4RJS",
        "text": "That's mah 2 cents",
        "ts": "1520633809.000498"
    },
    {
        "type": "message",
        "user": "U9D1J4RJS",
        "text": "As to why JS &gt; Java",
        "ts": "1520633816.000324"
    },
    {
        "type": "message",
        "user": "U9D1J4RJS",
        "text": "What do you guys think",
        "ts": "1520633819.000222"
    },
    {
        "type": "message",
        "user": "U9BG6E16C",
        "text": "The problem is that we didn't get this sorted out when we could actually contact him and ask him if a web application is okay",
        "ts": "1520633953.000147"
    },
    {
        "type": "message",
        "user": "U9BG6E16C",
        "text": "There is no argument about whether Java or Javascript is better. That's not the issue here",
        "ts": "1520634005.000234"
    },
    {
        "type": "message",
        "user": "U9BG6E16C",
        "text": "The issue is whether he is going to actually consider a web application to fit within the criteria of being a software that we have engineered",
        "ts": "1520634028.000313"
    },
    {
        "type": "message",
        "user": "U9BG6E16C",
        "text": "Me and Jason don't think he will, but none of us really know",
        "ts": "1520634054.000080"
    },
    {
        "type": "message",
        "user": "U9BG6E16C",
        "text": "I really don't care what we use",
        "ts": "1520634140.000308"
    },
    {
        "type": "message",
        "user": "U970EQ95H",
        "text": "Have you already started to implement back end with JS?",
        "ts": "1520634561.000158"
    },
    {
        "type": "message",
        "user": "U9C5ZAJRF",
        "text": "I see your point Chris. I think he has <@U970EQ95H>",
        "client_msg_id": "ba806fdc-f97e-4379-945a-4918f85a47a2",
        "ts": "1520634604.000388"
    },
    {
        "type": "message",
        "user": "U9C5ZAJRF",
        "text": "I mean, we can always just shoot him an email?",
        "client_msg_id": "ccf4df86-d605-44bd-8ea6-8d73d61d9172",
        "ts": "1520634632.000362"
    },
    {
        "type": "message",
        "user": "U9C5ZAJRF",
        "text": "Or maybe not",
        "client_msg_id": "92cd49ff-1635-4f72-a9b4-07445c8a66be",
        "ts": "1520634640.000014"
    },
    {
        "type": "message",
        "user": "U9C5ZAJRF",
        "text": "He might be upset we haven't started",
        "client_msg_id": "23b31fb5-e805-4acd-9909-e8aecead8f82",
        "ts": "1520634647.000372"
    },
    {
        "type": "message",
        "user": "U9BG6E16C",
        "text": "We don't have to include that we haven't started",
        "ts": "1520634669.000387"
    },
    {
        "type": "message",
        "user": "U9BG6E16C",
        "text": "It's just a matter of how long it'll take him to respond &lt;_&lt;",
        "ts": "1520634676.000198"
    },
    {
        "type": "message",
        "user": "U9C5ZAJRF",
        "text": "Well, considering it's a design question I think that conclusion can be made lol",
        "client_msg_id": "d2c943a0-547d-415f-bc98-d8e72697dddd",
        "ts": "1520634692.000098"
    },
    {
        "type": "message",
        "user": "U9C5ZAJRF",
        "text": "That too",
        "client_msg_id": "ceb9e91c-59ee-402c-8cd9-6a2f091d45cd",
        "ts": "1520634696.000450"
    },
    {
        "type": "message",
        "user": "U9D1J4RJS",
        "text": "Tbh we could leave it as it is and just do it on web",
        "ts": "1520634748.000509"
    },
    {
        "type": "message",
        "user": "U9C5ZAJRF",
        "text": "Ya know, we could just do it this way and when Jason meets with him he confirms it and then if he wants a java system or similar we just scrap it. It's only a few use cases",
        "client_msg_id": "a2133d1b-2a6d-4c7e-bd66-2913907b41b5",
        "ts": "1520634751.000349"
    },
    {
        "type": "message",
        "user": "U9C5ZAJRF",
        "text": "I don't think he'd be upset",
        "client_msg_id": "6e05753c-e2e9-402c-bd24-82af8f1bf540",
        "ts": "1520634766.000199"
    },
    {
        "type": "message",
        "user": "U9D1J4RJS",
        "text": "unless the design says anything about actually specifying about a user app vs a website",
        "ts": "1520634768.000078"
    },
    {
        "type": "message",
        "user": "U9BG6E16C",
        "text": "Yeah we can do JS now and if he doesn't like it we can do Java. I just hope it doesn't affect our grade (I doubt it will)",
        "thread_ts": "1520634807.000110",
        "reply_count": 1,
        "replies": [
            {
                "user": "U9C5ZAJRF",
                "ts": "1520634847.000040"
            }
        ],
        "unread_count": 1,
        "ts": "1520634807.000110"
    },
    {
        "type": "message",
        "user": "U9BG6E16C",
        "text": "Or, if he does like it we keep going",
        "ts": "1520634815.000416",
        "reactions": [
            {
                "name": "ok_hand",
                "users": [
                    "U9C5ZAJRF",
                    "U9789MP9B"
                ],
                "count": 2
            }
        ]
    },
    {
        "type": "message",
        "user": "U9C5ZAJRF",
        "text": "He really likes our group and such so I doubt it would be a negative. Just a lesson learned",
        "client_msg_id": "7536b671-8257-4416-9ae8-235b8606f826",
        "thread_ts": "1520634807.000110",
        "parent_user_id": "U9BG6E16C",
        "ts": "1520634847.000040"
    },
    {
        "type": "message",
        "user": "U9BG6E16C",
        "text": "I'll leave my vote up to Jason",
        "ts": "1520634864.000343"
    },
    {
        "type": "message",
        "user": "U9BG6E16C",
        "text": "Considering he's done more than anyone",
        "thread_ts": "1520634869.000404",
        "reply_count": 1,
        "replies": [
            {
                "user": "U9C5ZAJRF",
                "ts": "1520634896.000031"
            }
        ],
        "unread_count": 1,
        "ts": "1520634869.000404",
        "reactions": [
            {
                "name": "point_up",
                "users": [
                    "U9C5ZAJRF",
                    "U9789MP9B"
                ],
                "count": 2
            }
        ]
    },
    {
        "type": "message",
        "user": "U9C5ZAJRF",
        "text": "Jason MVP",
        "client_msg_id": "0ee87031-a612-4b9a-a692-9a05b9517d05",
        "thread_ts": "1520634869.000404",
        "parent_user_id": "U9BG6E16C",
        "ts": "1520634896.000031"
    },
    {
        "type": "message",
        "user": "U9C5ZAJRF",
        "text": "<@U9D1J4RJS> how much do you have done? I think I'll swing towards web based, mainly because comfort level and my wanting to actually learn a thing.",
        "client_msg_id": "2cf8d83b-1d62-457f-82aa-d66375f67a2f",
        "ts": "1520634994.000112"
    },
    {
        "type": "message",
        "user": "U9D1J4RJS",
        "text": "I've done the backend wiht the ability to serve up the page and then a post request route to write to the database",
        "ts": "1520635273.000150"
    },
    {
        "type": "message",
        "user": "U970EQ95H",
        "text": "Okay, so we go with JS since it's already underway and its easy to do in such a short time frame. Just make sure we keep in contact with each other especially for the next 2 days to help each other and make sure everyone's got a handle on how to use ReactJS and NodeJS for this. \nI want to get a good chunk of the implementation done over the break, and I'm not going to be meeting with him until afterwords, so we're just going to have to hope he's okay with it.\nIf not, we'll just have to scrap it and switch over and put in some serious work to get done on time.\nOn the bright side, this seems like an excellent risk to list and detail in the documentation :sweat_smile:",
        "ts": "1520635283.000043"
    },
    {
        "type": "message",
        "user": "U9D1J4RJS",
        "text": "Working on basically the log in system and the password is hashed on its way in",
        "ts": "1520635287.000063"
    },
    {
        "type": "message",
        "user": "U9D1J4RJS",
        "text": "lol",
        "ts": "1520635314.000003"
    },
    {
        "type": "message",
        "user": "U9BG6E16C",
        "text": "So, is there anything I'm needed for? I have no idea how to use NodeJS or ReactJS",
        "ts": "1520635444.000331"
    },
    {
        "type": "message",
        "user": "U970EQ95H",
        "text": "Honestly, I've only ever used NodeJS once, so I don't have much experience with them either, so that's a question for Brian and Braxton if they need you to do anything. How well do you know JS?",
        "ts": "1520635861.000406"
    },
    {
        "type": "message",
        "user": "U9BG6E16C",
        "text": "I briefly used it in Web Prog class",
        "ts": "1520635888.000086"
    },
    {
        "type": "message",
        "user": "U9BG6E16C",
        "text": "So not very well.",
        "ts": "1520635895.000079"
    },
    {
        "type": "message",
        "user": "U970EQ95H",
        "text": "Hmm, <@U9D1J4RJS>or <@U9C5ZAJRF>, what do you think Chris should do to help you guys out?",
        "ts": "1520635941.000104"
    },
    {
        "type": "message",
        "user": "U970EQ95H",
        "text": "To me, our system doesn't seem too complicated, so I think with even basic knowledge of JS you can help out. Even you're not doing anything right now, maybe look up some stuff on React or Node to help when we're doing full implementation (that's what I'm going to be doing after I finish documentation)",
        "ts": "1520636254.000003"
    },
    {
        "type": "message",
        "user": "U9BG6E16C",
        "text": "*nod*",
        "ts": "1520636266.000094"
    },
    {
        "type": "message",
        "user": "U9BG6E16C",
        "text": "I'll just wait until someone asks something of me lol",
        "ts": "1520636287.000424",
        "reactions": [
            {
                "name": "+1",
                "users": [
                    "U9C5ZAJRF"
                ],
                "count": 1
            }
        ]
    },
    {
        "type": "message",
        "user": "U970EQ95H",
        "text": "It's all good. I'm not going to give you a bad review just because you don't know how to use React or Node. You've given some good input over the past few days, so don't worry about that",
        "ts": "1520636418.000427",
        "reactions": [
            {
                "name": "point_up",
                "users": [
                    "U9C5ZAJRF",
                    "U9789MP9B"
                ],
                "count": 2
            }
        ]
    },
    {
        "type": "message",
        "user": "U9BG6E16C",
        "text": "Thanks fam. Like I said, I'll be here to do whatever when needed",
        "ts": "1520636448.000118"
    },
    {
        "type": "message",
        "user": "U9C5ZAJRF",
        "text": "Yeah, I feel like everyone has been pretty on top of things in at least one step of the process thus far.",
        "client_msg_id": "773a242f-f47b-404b-a9b9-f50cecc13f2f",
        "ts": "1520636801.000190"
    }
]