[
    {
        "type": "message",
        "user": "U9C5ZAJRF",
        "text": "Hey <!here>",
        "ts": "1520491662.000103"
    },
    {
        "type": "message",
        "user": "U9C5ZAJRF",
        "text": "I know like everyone has DnD on but I want it to show up later",
        "thread_ts": "1520491674.000151",
        "reply_count": 6,
        "replies": [
            {
                "user": "U970EQ95H",
                "ts": "1520524882.000926"
            },
            {
                "user": "U970EQ95H",
                "ts": "1520526976.000785"
            },
            {
                "user": "U9789MP9B",
                "ts": "1520527312.000155"
            },
            {
                "user": "U9BG6E16C",
                "ts": "1520527799.000773"
            },
            {
                "user": "U9BG6E16C",
                "ts": "1520527819.000150"
            },
            {
                "user": "U970EQ95H",
                "ts": "1520528234.000008"
            }
        ],
        "unread_count": 6,
        "ts": "1520491674.000151"
    },
    {
        "type": "message",
        "user": "U9C5ZAJRF",
        "text": "Brian and I are labelled to be working on the querying of the database, viewing the posts and such. It says Chris and Jason are on the authentication, but since Jason will be working on other aspects of the assignment, it should be Chris and Nish if I remember right?",
        "ts": "1520492045.000274"
    },
    {
        "type": "message",
        "user": "U9C5ZAJRF",
        "text": "Brian and I are starting tonight",
        "ts": "1520492053.000211"
    }
]