[
    {
        "type": "message",
        "user": "U970EQ95H",
        "text": "Everything's on the github, but I'll upload them here too.",
        "ts": "1520280682.000065"
    },
    {
        "type": "message",
        "user": "U9C5ZAJRF",
        "text": "Oh okay! Thank you ",
        "client_msg_id": "d270e082-fb42-4f12-b630-ccdd8b350f42",
        "ts": "1520280695.000551"
    },
    {
        "type": "message",
        "subtype": "file_share",
        "text": "<@U970EQ95H> uploaded a file: <https:\/\/renegonbits.slack.com\/files\/U970EQ95H\/F9JPP7FHR\/jasonherrera_renegonbits.pdf|JasonHerrera_RenegonBits.pdf> and commented: Assignment 1",
        "file": {
            "id": "F9JPP7FHR",
            "created": 1520280740,
            "timestamp": 1520280740,
            "name": "JasonHerrera_RenegonBits.pdf",
            "title": "JasonHerrera_RenegonBits.pdf",
            "mimetype": "application\/pdf",
            "filetype": "pdf",
            "pretty_type": "PDF",
            "user": "U970EQ95H",
            "editable": false,
            "size": 2415562,
            "mode": "hosted",
            "is_external": false,
            "external_type": "",
            "is_public": true,
            "public_url_shared": false,
            "display_as_bot": false,
            "username": "",
            "url_private": "https:\/\/files.slack.com\/files-pri\/T970EQ935-F9JPP7FHR\/jasonherrera_renegonbits.pdf?t=xoxe-313014825107-346247768849-346247768897-2232e62bdbe2aa520b5b67ca8332cf3d",
            "url_private_download": "https:\/\/files.slack.com\/files-pri\/T970EQ935-F9JPP7FHR\/download\/jasonherrera_renegonbits.pdf?t=xoxe-313014825107-346247768849-346247768897-2232e62bdbe2aa520b5b67ca8332cf3d",
            "thumb_pdf": "https:\/\/files.slack.com\/files-tmb\/T970EQ935-F9JPP7FHR-ed1168d457\/jasonherrera_renegonbits_thumb_pdf.png?t=xoxe-313014825107-346247768849-346247768897-2232e62bdbe2aa520b5b67ca8332cf3d",
            "thumb_pdf_w": 935,
            "thumb_pdf_h": 1210,
            "permalink": "https:\/\/renegonbits.slack.com\/files\/U970EQ95H\/F9JPP7FHR\/jasonherrera_renegonbits.pdf",
            "permalink_public": "https:\/\/slack-files.com\/T970EQ935-F9JPP7FHR-340bc1053e",
            "channels": [],
            "groups": [],
            "ims": [],
            "comments_count": 1,
            "initial_comment": {
                "id": "Fc9JPP7ZDZ",
                "created": 1520280740,
                "timestamp": 1520280740,
                "user": "U970EQ95H",
                "is_intro": true,
                "comment": "Assignment 1"
            }
        },
        "user": "U970EQ95H",
        "upload": true,
        "display_as_bot": false,
        "username": "jherrera6",
        "bot_id": null,
        "ts": "1520280742.000299"
    },
    {
        "type": "message",
        "subtype": "file_share",
        "text": "<@U970EQ95H> uploaded a file: <https:\/\/renegonbits.slack.com\/files\/U970EQ95H\/F9KU3LJ31\/jasonherrera_renegonbits.pdf|JasonHerrera_RenegonBits.pdf> and commented: Assignment 2",
        "file": {
            "id": "F9KU3LJ31",
            "created": 1520280755,
            "timestamp": 1520280755,
            "name": "JasonHerrera_RenegonBits.pdf",
            "title": "JasonHerrera_RenegonBits.pdf",
            "mimetype": "application\/pdf",
            "filetype": "pdf",
            "pretty_type": "PDF",
            "user": "U970EQ95H",
            "editable": false,
            "size": 335896,
            "mode": "hosted",
            "is_external": false,
            "external_type": "",
            "is_public": true,
            "public_url_shared": false,
            "display_as_bot": false,
            "username": "",
            "url_private": "https:\/\/files.slack.com\/files-pri\/T970EQ935-F9KU3LJ31\/jasonherrera_renegonbits.pdf?t=xoxe-313014825107-346247768849-346247768897-2232e62bdbe2aa520b5b67ca8332cf3d",
            "url_private_download": "https:\/\/files.slack.com\/files-pri\/T970EQ935-F9KU3LJ31\/download\/jasonherrera_renegonbits.pdf?t=xoxe-313014825107-346247768849-346247768897-2232e62bdbe2aa520b5b67ca8332cf3d",
            "thumb_pdf": "https:\/\/files.slack.com\/files-tmb\/T970EQ935-F9KU3LJ31-2a45c67cfc\/jasonherrera_renegonbits_thumb_pdf.png?t=xoxe-313014825107-346247768849-346247768897-2232e62bdbe2aa520b5b67ca8332cf3d",
            "thumb_pdf_w": 935,
            "thumb_pdf_h": 1210,
            "permalink": "https:\/\/renegonbits.slack.com\/files\/U970EQ95H\/F9KU3LJ31\/jasonherrera_renegonbits.pdf",
            "permalink_public": "https:\/\/slack-files.com\/T970EQ935-F9KU3LJ31-9f6a302399",
            "channels": [],
            "groups": [],
            "ims": [],
            "comments_count": 1,
            "initial_comment": {
                "id": "Fc9JPPCGBV",
                "created": 1520280755,
                "timestamp": 1520280755,
                "user": "U970EQ95H",
                "is_intro": true,
                "comment": "Assignment 2"
            }
        },
        "user": "U970EQ95H",
        "upload": true,
        "display_as_bot": false,
        "username": "jherrera6",
        "bot_id": null,
        "ts": "1520280756.000241"
    },
    {
        "type": "message",
        "subtype": "file_share",
        "text": "<@U970EQ95H> uploaded a file: <https:\/\/renegonbits.slack.com\/files\/U970EQ95H\/F9KN4FFUN\/jasonherrera_renegonbits.pdf|JasonHerrera_RenegonBits.pdf> and commented: Assignment 3",
        "file": {
            "id": "F9KN4FFUN",
            "created": 1520280766,
            "timestamp": 1520280766,
            "name": "JasonHerrera_RenegonBits.pdf",
            "title": "JasonHerrera_RenegonBits.pdf",
            "mimetype": "application\/pdf",
            "filetype": "pdf",
            "pretty_type": "PDF",
            "user": "U970EQ95H",
            "editable": false,
            "size": 294527,
            "mode": "hosted",
            "is_external": false,
            "external_type": "",
            "is_public": true,
            "public_url_shared": false,
            "display_as_bot": false,
            "username": "",
            "url_private": "https:\/\/files.slack.com\/files-pri\/T970EQ935-F9KN4FFUN\/jasonherrera_renegonbits.pdf?t=xoxe-313014825107-346247768849-346247768897-2232e62bdbe2aa520b5b67ca8332cf3d",
            "url_private_download": "https:\/\/files.slack.com\/files-pri\/T970EQ935-F9KN4FFUN\/download\/jasonherrera_renegonbits.pdf?t=xoxe-313014825107-346247768849-346247768897-2232e62bdbe2aa520b5b67ca8332cf3d",
            "thumb_pdf": "https:\/\/files.slack.com\/files-tmb\/T970EQ935-F9KN4FFUN-3ca99b3868\/jasonherrera_renegonbits_thumb_pdf.png?t=xoxe-313014825107-346247768849-346247768897-2232e62bdbe2aa520b5b67ca8332cf3d",
            "thumb_pdf_w": 935,
            "thumb_pdf_h": 1210,
            "permalink": "https:\/\/renegonbits.slack.com\/files\/U970EQ95H\/F9KN4FFUN\/jasonherrera_renegonbits.pdf",
            "permalink_public": "https:\/\/slack-files.com\/T970EQ935-F9KN4FFUN-a00d415aef",
            "channels": [],
            "groups": [],
            "ims": [],
            "comments_count": 1,
            "initial_comment": {
                "id": "Fc9JPPG19R",
                "created": 1520280766,
                "timestamp": 1520280766,
                "user": "U970EQ95H",
                "is_intro": true,
                "comment": "Assignment 3"
            }
        },
        "user": "U970EQ95H",
        "upload": true,
        "display_as_bot": false,
        "username": "jherrera6",
        "bot_id": null,
        "ts": "1520280768.000181"
    },
    {
        "type": "message",
        "user": "U9C5ZAJRF",
        "text": "I also think REST would do us well ",
        "client_msg_id": "79e108ac-1ea1-4d81-b550-42dba2dcb3b7",
        "ts": "1520280772.000602"
    },
    {
        "type": "message",
        "user": "U970EQ95H",
        "text": "Which use cases do you guys think we should code? IIRC, we only need to do two",
        "ts": "1520280802.000637"
    },
    {
        "type": "message",
        "user": "U9C5ZAJRF",
        "text": "Ohhh, so we don't need to do everything for Friday, just a few?",
        "client_msg_id": "002c2323-8c08-40d7-9c3b-9c937725eb2d",
        "ts": "1520280821.000474"
    },
    {
        "type": "message",
        "user": "U970EQ95H",
        "text": "Yea, we only have to do a few",
        "ts": "1520280860.000288"
    },
    {
        "type": "message",
        "user": "U9C5ZAJRF",
        "text": "I think submission and viewing are the most basic and necessary use cases that fit a lot of our requirements",
        "client_msg_id": "d7a626fd-0974-4253-b9d8-696fa2a22110",
        "ts": "1520280871.000254"
    },
    {
        "type": "message",
        "user": "U970EQ95H",
        "text": "That sounds good to me. And I just double checked, and we only need to do 2 of them",
        "ts": "1520280965.000161"
    },
    {
        "type": "message",
        "user": "U970EQ95H",
        "text": "So, we need to get a database up, and then just code the form submission and a basic display",
        "ts": "1520281035.000663"
    },
    {
        "type": "message",
        "user": "U970EQ95H",
        "text": "Are we still planning on using MySQL?",
        "ts": "1520281062.000175"
    },
    {
        "type": "message",
        "user": "U9BG6E16C",
        "text": "I was thinking we could do logging into an account and posting",
        "client_msg_id": "ee81e755-909b-441f-8979-c377ada5141e",
        "ts": "1520281331.000366"
    },
    {
        "type": "message",
        "user": "U970EQ95H",
        "text": "The logging in isn't really a major use case for our system, just a necessary one. And we have to allow people to input forms and display the data before posts I think",
        "ts": "1520281437.000504"
    },
    {
        "type": "message",
        "user": "U9BG6E16C",
        "text": "Posts are somewhat dependent on the accounts that post them",
        "client_msg_id": "0ae59141-a2a4-462f-a796-d901c78f6b87",
        "ts": "1520281489.000290"
    },
    {
        "type": "message",
        "user": "U9BG6E16C",
        "text": "Thats my only issue with skipping the account part",
        "client_msg_id": "c16c28f0-ee66-4d13-a84e-ec7fddd910d6",
        "ts": "1520281509.000001"
    },
    {
        "type": "message",
        "user": "U9BG6E16C",
        "text": "An account is a major use case because it tracks posts location and feex",
        "client_msg_id": "4ac20e40-0746-4866-883e-79b1a77ae450",
        "ts": "1520281554.000295"
    },
    {
        "type": "message",
        "user": "U9BG6E16C",
        "text": "Feed*",
        "client_msg_id": "1c693e02-86d2-49ad-b7de-c4f196351b50",
        "ts": "1520281557.000606"
    },
    {
        "type": "message",
        "user": "U970EQ95H",
        "text": "That's true. But, the submission and viewing should be the same for everyone, so it is relatively easy to implement as a prototype right now. I would say we could replace submission with logging in for our two use cases and just have data in the database for now.",
        "ts": "1520281844.000038"
    },
    {
        "type": "message",
        "user": "U9BG6E16C",
        "text": "Yeah I was thinking account and posting or viewing",
        "client_msg_id": "0a7ed79f-e4dd-47c7-b60c-b3d69ef9e270",
        "ts": "1520281878.000289"
    },
    {
        "type": "message",
        "user": "U9BG6E16C",
        "text": "Either way, we can just use dummy data in MySQL to test",
        "client_msg_id": "978ee3f8-5c51-45b3-b009-c3797c9d2af1",
        "ts": "1520281893.000187"
    },
    {
        "type": "message",
        "user": "U9BG6E16C",
        "text": "Its just having posting without an account means we have to change our post system to include an account when we do accounts later. We can cut out that by doing accounts first",
        "client_msg_id": "bed68abe-0839-44cb-84ef-18ad3461e5f0",
        "ts": "1520281940.000686"
    },
    {
        "type": "message",
        "user": "U9BG6E16C",
        "text": "I think posting will be one of the bigger piecrs",
        "client_msg_id": "612cbf33-2079-456f-a0b9-574aaa8b676b",
        "ts": "1520281960.000693"
    },
    {
        "type": "message",
        "user": "U9BG6E16C",
        "text": "So I think viewing a feed is good",
        "client_msg_id": "8e230070-de4c-4096-8168-22231a097cbf",
        "ts": "1520281973.000098"
    },
    {
        "type": "message",
        "user": "U9BG6E16C",
        "text": "Mmm...but a feed is made up of posts. So maybe not",
        "client_msg_id": "40f357b7-8fe1-46f5-b0ae-322c2612c95b",
        "ts": "1520281987.000335"
    },
    {
        "type": "message",
        "user": "U970EQ95H",
        "text": "I don't think we're doing the feed right now, just basic viewing. Like searching for a certain animal or seeing the entries in your area",
        "ts": "1520282049.000203"
    },
    {
        "type": "message",
        "user": "U9BG6E16C",
        "text": "Oh okay",
        "client_msg_id": "8aeb3b63-c395-4751-aa27-7d2f3109b619",
        "ts": "1520282069.000560"
    },
    {
        "type": "message",
        "user": "U9BG6E16C",
        "text": "But that still needs a posy",
        "client_msg_id": "5735930f-9121-413b-a927-36d8c31986ec",
        "ts": "1520282077.000612"
    },
    {
        "type": "message",
        "user": "U9BG6E16C",
        "text": "Post*",
        "client_msg_id": "26878a82-bfd8-43f3-9bf5-8e79f428d663",
        "ts": "1520282079.000716"
    },
    {
        "type": "message",
        "user": "U9BG6E16C",
        "text": "To view",
        "client_msg_id": "f552d138-631c-4bd2-bb76-87c29cce18a3",
        "ts": "1520282082.000063"
    },
    {
        "type": "message",
        "user": "U9BG6E16C",
        "text": "Like, thinking about a post as a big class we can't perform the action of viewing a post without the post existing",
        "client_msg_id": "c29fab29-ff60-4f3e-91a5-df90901cf528",
        "ts": "1520282115.000645"
    },
    {
        "type": "message",
        "user": "U9BG6E16C",
        "text": "We could do a sort of uhhh",
        "client_msg_id": "d6ff0105-812e-4b92-8028-a86ef2973e17",
        "ts": "1520282132.000579"
    },
    {
        "type": "message",
        "user": "U9BG6E16C",
        "text": "Template for posts",
        "client_msg_id": "5f0c5482-6d08-41ff-927e-e47203253a1c",
        "ts": "1520282137.000013"
    },
    {
        "type": "message",
        "user": "U9BG6E16C",
        "text": "To just make searching work",
        "client_msg_id": "e71590a2-d291-4370-9bd9-3b7789c0290a",
        "ts": "1520282145.000059"
    },
    {
        "type": "message",
        "user": "U970EQ95H",
        "text": "We could make dummy posts like you were saying before and just implement a user making the post later",
        "ts": "1520282168.000457"
    },
    {
        "type": "message",
        "user": "U9BG6E16C",
        "text": "Yeah I think that would work. Let's see what everyone else says",
        "client_msg_id": "ea91b264-c65f-429e-9c48-0a49d2e67ccf",
        "ts": "1520282197.000533"
    }
]