[
    {
        "user": "U9D1J4RJS",
        "text": "<@U9D1J4RJS> has joined the channel",
        "type": "message",
        "subtype": "channel_join",
        "ts": "1519171776.000091"
    },
    {
        "type": "message",
        "user": "U9D1J4RJS",
        "text": "Sup",
        "ts": "1519171790.000061"
    },
    {
        "user": "U9BG6E16C",
        "text": "<@U9BG6E16C> has joined the channel",
        "type": "message",
        "subtype": "channel_join",
        "ts": "1519171939.000181"
    }
]