[
    {
        "type": "message",
        "user": "U9BG6E16C",
        "text": "I assume you guys are fine with all 5's on peer reviews?",
        "ts": "1520727557.000085"
    },
    {
        "type": "message",
        "user": "U9BG6E16C",
        "text": "That's all I was gonna turn in. Everyone is doing fine *shrug*",
        "ts": "1520727583.000027"
    },
    {
        "type": "message",
        "user": "U9789MP9B",
        "text": "Don't see anyone having a problem with it lol",
        "ts": "1520727585.000028"
    },
    {
        "type": "message",
        "user": "U9C5ZAJRF",
        "text": ":+1:",
        "client_msg_id": "d5d76af0-c217-468f-a4e1-2208ef1f2f7c",
        "ts": "1520729474.000036"
    }
]