[
    {
        "user": "U970EQ95H",
        "text": "<@U970EQ95H> has joined the channel",
        "type": "message",
        "subtype": "channel_join",
        "ts": "1518245697.000002"
    },
    {
        "type": "message",
        "user": "U970EQ95H",
        "text": "Hey guys, I know that we've been messaging in our channel on the PantherHackers workspace, but I need to be able to export and submit the logs (unless you can do it Braxton), so I made this workspace for us.",
        "ts": "1518246188.000082"
    },
    {
        "type": "message",
        "user": "U970EQ95H",
        "text": "I also made a github repository for us at <https:\/\/github.com\/JasonHerrera\/Software-Engineering-Project>",
        "attachments": [
            {
                "service_name": "GitHub",
                "title": "JasonHerrera\/Software-Engineering-Project",
                "title_link": "https:\/\/github.com\/JasonHerrera\/Software-Engineering-Project",
                "text": "Software-Engineering-Project - Repository for our group project in CSC 4350 Software Engineering",
                "fallback": "GitHub: JasonHerrera\/Software-Engineering-Project",
                "from_url": "https:\/\/github.com\/JasonHerrera\/Software-Engineering-Project",
                "thumb_url": "https:\/\/avatars1.githubusercontent.com\/u\/22404906?s=400&v=4",
                "thumb_width": 250,
                "thumb_height": 250,
                "service_icon": "https:\/\/a.slack-edge.com\/bfaba\/img\/unfurl_icons\/github.png",
                "id": 1
            }
        ],
        "ts": "1518246280.000024"
    }
]