[
    {
        "type": "message",
        "user": "U9789MP9B",
        "text": "<@U9BG6E16C> can do 1-3\n<@U9789MP9B> can do 4-6\n<@U970EQ95H> can do 7-9\n<@U9C5ZAJRF> can do 10-12\n<@U9D1J4RJS> can do 13-15",
        "ts": "1519335169.000423"
    },
    {
        "type": "message",
        "user": "U9789MP9B",
        "text": "Can y'all meet tonight\/tomorrow to record the video or are we doing the same thing we did last time?",
        "ts": "1519335336.000453"
    },
    {
        "type": "message",
        "user": "U9789MP9B",
        "text": "Also how detailed should we make these use cases? I'm just modeling it after what was on the slides.",
        "ts": "1519335842.000272"
    },
    {
        "type": "message",
        "subtype": "file_share",
        "text": "<@U9BG6E16C> uploaded a file: <https:\/\/renegonbits.slack.com\/files\/U9BG6E16C\/F9EAFHW5U\/image.png|image.png>",
        "file": {
            "id": "F9EAFHW5U",
            "created": 1519336680,
            "timestamp": 1519336680,
            "name": "image.png",
            "title": "image.png",
            "mimetype": "image\/png",
            "filetype": "png",
            "pretty_type": "PNG",
            "user": "U9BG6E16C",
            "editable": false,
            "size": 35179,
            "mode": "hosted",
            "is_external": false,
            "external_type": "",
            "is_public": true,
            "public_url_shared": false,
            "display_as_bot": false,
            "username": "",
            "url_private": "https:\/\/files.slack.com\/files-pri\/T970EQ935-F9EAFHW5U\/image.png?t=xoxe-313014825107-328812898710-329016650199-19e38adb7c3c7240e5ee9fce47958e12",
            "url_private_download": "https:\/\/files.slack.com\/files-pri\/T970EQ935-F9EAFHW5U\/download\/image.png?t=xoxe-313014825107-328812898710-329016650199-19e38adb7c3c7240e5ee9fce47958e12",
            "thumb_64": "https:\/\/files.slack.com\/files-tmb\/T970EQ935-F9EAFHW5U-4e974a4ba8\/image_64.png?t=xoxe-313014825107-328812898710-329016650199-19e38adb7c3c7240e5ee9fce47958e12",
            "thumb_80": "https:\/\/files.slack.com\/files-tmb\/T970EQ935-F9EAFHW5U-4e974a4ba8\/image_80.png?t=xoxe-313014825107-328812898710-329016650199-19e38adb7c3c7240e5ee9fce47958e12",
            "thumb_360": "https:\/\/files.slack.com\/files-tmb\/T970EQ935-F9EAFHW5U-4e974a4ba8\/image_360.png?t=xoxe-313014825107-328812898710-329016650199-19e38adb7c3c7240e5ee9fce47958e12",
            "thumb_360_w": 356,
            "thumb_360_h": 360,
            "thumb_480": "https:\/\/files.slack.com\/files-tmb\/T970EQ935-F9EAFHW5U-4e974a4ba8\/image_480.png?t=xoxe-313014825107-328812898710-329016650199-19e38adb7c3c7240e5ee9fce47958e12",
            "thumb_480_w": 475,
            "thumb_480_h": 480,
            "thumb_160": "https:\/\/files.slack.com\/files-tmb\/T970EQ935-F9EAFHW5U-4e974a4ba8\/image_160.png?t=xoxe-313014825107-328812898710-329016650199-19e38adb7c3c7240e5ee9fce47958e12",
            "image_exif_rotation": 1,
            "original_w": 649,
            "original_h": 656,
            "permalink": "https:\/\/renegonbits.slack.com\/files\/U9BG6E16C\/F9EAFHW5U\/image.png",
            "permalink_public": "https:\/\/slack-files.com\/T970EQ935-F9EAFHW5U-34c043a904",
            "channels": [],
            "groups": [],
            "ims": [],
            "comments_count": 0
        },
        "user": "U9BG6E16C",
        "upload": true,
        "display_as_bot": false,
        "username": "cscott71",
        "bot_id": null,
        "ts": "1519336682.000014"
    },
    {
        "type": "message",
        "user": "U9BG6E16C",
        "text": "<@U9789MP9B> This is how my first one looks, for reference",
        "thread_ts": "1519336694.000718",
        "reply_count": 10,
        "replies": [
            {
                "user": "U970EQ95H",
                "ts": "1519339182.000437"
            },
            {
                "user": "U9789MP9B",
                "ts": "1519405539.000003"
            },
            {
                "user": "U970EQ95H",
                "ts": "1519405654.000399"
            },
            {
                "user": "U9789MP9B",
                "ts": "1519405763.000601"
            },
            {
                "user": "U9C5ZAJRF",
                "ts": "1519518608.000100"
            },
            {
                "user": "U9C5ZAJRF",
                "ts": "1519518612.000014"
            },
            {
                "user": "U9C5ZAJRF",
                "ts": "1519518660.000077"
            },
            {
                "user": "U9C5ZAJRF",
                "ts": "1519518774.000013"
            },
            {
                "user": "U970EQ95H",
                "ts": "1519519307.000108"
            },
            {
                "user": "U9789MP9B",
                "ts": "1519522110.000035"
            }
        ],
        "unread_count": 10,
        "ts": "1519336694.000718",
        "reactions": [
            {
                "name": "+1",
                "users": [
                    "U9789MP9B"
                ],
                "count": 1
            }
        ]
    },
    {
        "type": "message",
        "user": "U9BG6E16C",
        "text": "Idk if this is what we want but *shrug*",
        "ts": "1519336701.000065"
    },
    {
        "type": "message",
        "user": "U9BG6E16C",
        "text": "Also apparently the Assignment 3 was extended to Saturday",
        "ts": "1519336907.000050"
    },
    {
        "type": "message",
        "user": "U9789MP9B",
        "text": "yep",
        "ts": "1519336980.000183"
    },
    {
        "type": "message",
        "user": "U9C5ZAJRF",
        "text": "Are we sure? I didnt hear that in class ",
        "client_msg_id": "2851e091-8641-4dcd-9df3-8be11343cfbd",
        "ts": "1519336980.000629"
    },
    {
        "type": "message",
        "user": "U9BG6E16C",
        "text": "It's an announcement on iCollege",
        "ts": "1519336993.000137"
    },
    {
        "type": "message",
        "user": "U9C5ZAJRF",
        "text": "I was paying attention too :disappointed_relieved: ",
        "client_msg_id": "dde27107-acd1-4222-bc2d-185ac8829e65",
        "ts": "1519336993.000447"
    },
    {
        "type": "message",
        "user": "U9C5ZAJRF",
        "text": "Ohhh",
        "client_msg_id": "4288746b-906e-4f75-9700-33b4bacb7459",
        "ts": "1519336997.000512"
    },
    {
        "type": "message",
        "user": "U9C5ZAJRF",
        "text": "Okay~",
        "client_msg_id": "1792baf5-8343-4fb8-a22b-328dbfc80490",
        "ts": "1519337000.000372"
    },
    {
        "type": "message",
        "user": "U970EQ95H",
        "text": "This looks good. We only have to have the points in the second template, but the more information the better",
        "thread_ts": "1519336694.000718",
        "parent_user_id": "U9BG6E16C",
        "ts": "1519339182.000437"
    },
    {
        "type": "message",
        "user": "U9BG6E16C",
        "text": "Also guys, how exactly are we handling geolocation? No one ever answered that",
        "ts": "1519351080.000076"
    },
    {
        "type": "message",
        "user": "U9BG6E16C",
        "text": "<!channel>",
        "ts": "1519351087.000443"
    },
    {
        "type": "message",
        "user": "U970EQ95H",
        "text": "I don't know if we're sure about that yet. We'll probably handle that in design or implementation",
        "ts": "1519354495.000201"
    }
]