[
    {
        "type": "message",
        "user": "U970EQ95H",
        "text": "What kind of architecture design are we using?",
        "client_msg_id": "8846C56E-31A9-469A-8B93-F1E2095E5300",
        "ts": "1520699566.000028"
    },
    {
        "type": "message",
        "user": "U9C5ZAJRF",
        "text": "Ya know, that's a great question. I would imagine client server?",
        "client_msg_id": "fc3d5f99-24db-4009-89b7-fb70c5a2bb53",
        "ts": "1520705385.000010"
    },
    {
        "type": "message",
        "user": "U970EQ95H",
        "text": "It can also be a mix if that changes anything",
        "client_msg_id": "AA6B2BCE-D53F-4A69-8706-14119868E7F7",
        "ts": "1520706339.000030"
    },
    {
        "type": "message",
        "user": "U9789MP9B",
        "text": "Actually, if anything it's probably this\n<https:\/\/en.wikipedia.org\/wiki\/Event-driven_architecture>",
        "edited": {
            "user": "U9789MP9B",
            "ts": "1520726716.000000"
        },
        "ts": "1520726582.000056"
    },
    {
        "type": "message",
        "user": "U9789MP9B",
        "text": "Not sure if this is one of the ones we went in class though...",
        "ts": "1520726770.000069"
    },
    {
        "type": "message",
        "user": "U9789MP9B",
        "text": "Like it's definitely not a pipeline...",
        "ts": "1520726780.000093"
    },
    {
        "type": "message",
        "user": "U970EQ95H",
        "text": "Client-server is what I went with. \nSo, we have to make a video for this assignment too. Assignment 4 is about System Design (UML Diagrams) and Implementation, so I think someone (probably Brian) could talk about implementing the databases, someone talk about the redesigned class diagram (probably me), someone talk about the architectural design of our system (client-server). Then 2 people can each talk about one of the use cases we're implementing. Anyone have other ideas of what we could talk about?",
        "thread_ts": "1520728497.000081",
        "reply_count": 4,
        "replies": [
            {
                "user": "U9C5ZAJRF",
                "ts": "1520733050.000062"
            },
            {
                "user": "U970EQ95H",
                "ts": "1520734081.000031"
            },
            {
                "user": "U9C5ZAJRF",
                "ts": "1520734206.000005"
            },
            {
                "user": "U9C5ZAJRF",
                "ts": "1520734215.000083"
            }
        ],
        "unread_count": 4,
        "ts": "1520728497.000081"
    },
    {
        "type": "message",
        "user": "U9D1J4RJS",
        "text": "So in order to deploy this, this might have to be on multiple repositories",
        "ts": "1520731011.000090"
    },
    {
        "type": "message",
        "user": "U9D1J4RJS",
        "text": "since client and server will deploy to heroku and I can just do a github direct pipeline to heroku",
        "thread_ts": "1520731024.000014",
        "reply_count": 1,
        "replies": [
            {
                "user": "U9789MP9B",
                "ts": "1520738195.000002"
            }
        ],
        "unread_count": 1,
        "ts": "1520731024.000014"
    },
    {
        "type": "message",
        "user": "U9D1J4RJS",
        "text": "Is it okay for me to make repos for the parts?",
        "ts": "1520731033.000022"
    },
    {
        "type": "message",
        "user": "U970EQ95H",
        "text": "Sure",
        "ts": "1520731039.000015"
    },
    {
        "type": "message",
        "user": "U9D1J4RJS",
        "text": "Kkay",
        "ts": "1520731041.000092"
    },
    {
        "type": "message",
        "user": "U9D1J4RJS",
        "text": "I'll make them and post them here",
        "ts": "1520731046.000019"
    },
    {
        "type": "message",
        "user": "U9C5ZAJRF",
        "text": "Maybe we can talk about why we chose our languages and such? Since this is about design, leading right into implementation? Maybe not, I'm not sure",
        "client_msg_id": "10a148a8-bca0-4b3a-928c-c7c8929414c8",
        "thread_ts": "1520728497.000081",
        "parent_user_id": "U970EQ95H",
        "ts": "1520733050.000062"
    },
    {
        "type": "message",
        "user": "U9BG6E16C",
        "text": "I can record one (or both) of the use cases. Is this fine with <!channel>?",
        "ts": "1520733751.000067"
    },
    {
        "type": "message",
        "user": "U9D1J4RJS",
        "text": "What are the two use cases? Wanna make sure so I don't work on the wrong things",
        "client_msg_id": "4658785b-82f7-4acf-a746-a9cbaf5b7995",
        "ts": "1520733820.000036"
    },
    {
        "type": "message",
        "user": "U9C5ZAJRF",
        "text": "Login and viewing iirc",
        "client_msg_id": "1dd1ec21-40b5-4a8d-806b-675f68a33a24",
        "ts": "1520733831.000092"
    },
    {
        "type": "message",
        "user": "U9BG6E16C",
        "text": "yeah, logging into an account and viewing a post",
        "ts": "1520733847.000100"
    },
    {
        "type": "message",
        "user": "U9BG6E16C",
        "text": "well, I think it was viewing a post that is searched for",
        "ts": "1520733865.000074"
    },
    {
        "type": "message",
        "user": "U9C5ZAJRF",
        "text": "Do one Chris, that way we have enough for everyone to do a video (unless we want to do my suggestion)",
        "client_msg_id": "633ab630-a79b-499d-b2f9-8079aa84613c",
        "ts": "1520733900.000105"
    },
    {
        "type": "message",
        "user": "U970EQ95H",
        "text": "I think you and Nish could each do one. Just try to talk about the sequence diagram for whichever one you do (let us know)",
        "ts": "1520733905.000006"
    },
    {
        "type": "message",
        "user": "U9BG6E16C",
        "text": "Hm...Okay, I'll do logging in",
        "thread_ts": "1520733914.000031",
        "reply_count": 1,
        "replies": [
            {
                "user": "U9C5ZAJRF",
                "ts": "1520733938.000088"
            }
        ],
        "unread_count": 1,
        "ts": "1520733914.000031",
        "reactions": [
            {
                "name": "+1",
                "users": [
                    "U9C5ZAJRF"
                ],
                "count": 1
            }
        ]
    },
    {
        "type": "message",
        "user": "U9BG6E16C",
        "text": "I just wanna get it done now because I won't be available later on",
        "ts": "1520733936.000027",
        "reactions": [
            {
                "name": "+1",
                "users": [
                    "U9C5ZAJRF"
                ],
                "count": 1
            }
        ]
    },
    {
        "type": "message",
        "user": "U9C5ZAJRF",
        "text": "If you need material, talk about security features we want and such",
        "client_msg_id": "05da8ceb-1301-489a-b668-878732bac3bd",
        "thread_ts": "1520733914.000031",
        "parent_user_id": "U9BG6E16C",
        "ts": "1520733938.000088"
    },
    {
        "type": "message",
        "user": "U970EQ95H",
        "text": "And, I made 2 sequence diagrams for the different parts of each case (making an account and actually logging in). So, you can either talk about both or just the logging in",
        "ts": "1520733974.000056"
    },
    {
        "type": "message",
        "user": "U970EQ95H",
        "text": "Sure, if you want to talk about the architectural design, you could add that in",
        "thread_ts": "1520728497.000081",
        "parent_user_id": "U970EQ95H",
        "ts": "1520734081.000031"
    },
    {
        "type": "message",
        "user": "U9C5ZAJRF",
        "text": "Alrighty~",
        "client_msg_id": "0a562e71-e56a-4617-92f3-542d8b678423",
        "thread_ts": "1520728497.000081",
        "parent_user_id": "U970EQ95H",
        "ts": "1520734206.000005"
    },
    {
        "type": "message",
        "user": "U9C5ZAJRF",
        "text": "If we have too much that'll be the first thing cut though",
        "client_msg_id": "809d3ce3-bdf4-4165-8d2d-425cb1a6d3c5",
        "thread_ts": "1520728497.000081",
        "parent_user_id": "U970EQ95H",
        "ts": "1520734215.000083"
    },
    {
        "type": "message",
        "user": "U9BG6E16C",
        "text": "<https:\/\/drive.google.com\/open?id=1i6ePSYtDlX3hRVJfeUR0bnj-b6lPCtt4> Lemme know if it's not descriptive enough",
        "ts": "1520735640.000079"
    },
    {
        "type": "message",
        "user": "U9BG6E16C",
        "text": "I just sorta stated what was in the seq. diagram",
        "ts": "1520735660.000066"
    },
    {
        "type": "message",
        "user": "U970EQ95H",
        "text": "Is there any way you could show the sequence diagram in the video?",
        "ts": "1520735726.000025"
    },
    {
        "type": "message",
        "user": "U9BG6E16C",
        "text": "Eh, it'd be me turning my phone around to show the screen. Wouldn't look very good",
        "ts": "1520735779.000079"
    },
    {
        "type": "message",
        "user": "U9BG6E16C",
        "text": "I could edit the video to have it in it instead of a video of me",
        "ts": "1520735799.000048"
    },
    {
        "type": "message",
        "user": "U9C5ZAJRF",
        "text": "I can edit it in!",
        "client_msg_id": "b5b63cc8-48f2-4b94-8d15-634c9d61d88c",
        "ts": "1520735852.000018",
        "reactions": [
            {
                "name": "+1",
                "users": [
                    "U9BG6E16C",
                    "U9789MP9B"
                ],
                "count": 2
            }
        ]
    },
    {
        "type": "message",
        "user": "U9D1J4RJS",
        "text": "Viewing a post? Should I just create a single page to view premade posts?",
        "thread_ts": "1520735852.000051",
        "reply_count": 3,
        "replies": [
            {
                "user": "U9C5ZAJRF",
                "ts": "1520735880.000048"
            },
            {
                "user": "U9D1J4RJS",
                "ts": "1520735889.000024"
            },
            {
                "user": "U9C5ZAJRF",
                "ts": "1520735896.000042"
            }
        ],
        "unread_count": 3,
        "ts": "1520735852.000051"
    },
    {
        "type": "message",
        "user": "U9D1J4RJS",
        "text": "No creating a post yet?",
        "ts": "1520735870.000071"
    },
    {
        "type": "message",
        "user": "U9C5ZAJRF",
        "text": "Yes",
        "client_msg_id": "4cd74d65-1c37-4715-8575-6c2ad931987f",
        "thread_ts": "1520735852.000051",
        "parent_user_id": "U9D1J4RJS",
        "ts": "1520735880.000048"
    },
    {
        "type": "message",
        "user": "U9D1J4RJS",
        "text": "Cool",
        "thread_ts": "1520735852.000051",
        "parent_user_id": "U9D1J4RJS",
        "ts": "1520735889.000024"
    },
    {
        "type": "message",
        "user": "U9BG6E16C",
        "text": "nope",
        "ts": "1520735892.000041"
    },
    {
        "type": "message",
        "user": "U9D1J4RJS",
        "text": "Awesome",
        "ts": "1520735894.000079"
    },
    {
        "type": "message",
        "user": "U9C5ZAJRF",
        "text": "For now that seems best",
        "client_msg_id": "5b060201-df24-40b3-9b3a-ac3000d98947",
        "thread_ts": "1520735852.000051",
        "parent_user_id": "U9D1J4RJS",
        "ts": "1520735896.000042"
    },
    {
        "type": "message",
        "user": "U9D1J4RJS",
        "text": "I'll get this done I think in the next 30 minutes or so",
        "ts": "1520735901.000077",
        "reactions": [
            {
                "name": "ok_hand",
                "users": [
                    "U9789MP9B"
                ],
                "count": 1
            }
        ]
    },
    {
        "type": "message",
        "user": "U9BG6E16C",
        "text": "nice",
        "ts": "1520735905.000074"
    },
    {
        "type": "message",
        "user": "U9D1J4RJS",
        "text": "I already have the authentication done so just cleaning it up now",
        "ts": "1520735909.000039"
    },
    {
        "type": "message",
        "user": "U9BG6E16C",
        "text": "So we are just showing the implementation?",
        "ts": "1520735912.000039"
    },
    {
        "type": "message",
        "user": "U9BG6E16C",
        "text": "Not gonna host it or anything",
        "ts": "1520735916.000014"
    },
    {
        "type": "message",
        "user": "U9D1J4RJS",
        "text": "That's what I would assume we're doing",
        "ts": "1520735919.000006"
    },
    {
        "type": "message",
        "user": "U9D1J4RJS",
        "text": "Wait",
        "ts": "1520735920.000016"
    },
    {
        "type": "message",
        "user": "U9D1J4RJS",
        "text": "Nvm",
        "ts": "1520735923.000050"
    },
    {
        "type": "message",
        "user": "U9D1J4RJS",
        "text": "I thought we were hosting it",
        "ts": "1520735926.000047"
    },
    {
        "type": "message",
        "user": "U9D1J4RJS",
        "text": "Well",
        "ts": "1520735929.000067"
    },
    {
        "type": "message",
        "user": "U9BG6E16C",
        "text": "like, I think we are supposed to show a video or something I think?",
        "ts": "1520735930.000079"
    },
    {
        "type": "message",
        "user": "U9C5ZAJRF",
        "text": "Jason just be sure I get a hold of the sequence diagrams and I'll put them in for whoever talks about them",
        "client_msg_id": "7a09441e-8804-4c71-b54b-828dd5e377a6",
        "ts": "1520735931.000005"
    },
    {
        "type": "message",
        "user": "U9D1J4RJS",
        "text": "Hosting it will make it more accessible to everyone so I can host it if need be",
        "ts": "1520735938.000074"
    },
    {
        "type": "message",
        "user": "U970EQ95H",
        "text": "They've already been posted here",
        "ts": "1520735950.000029"
    },
    {
        "type": "message",
        "user": "U9C5ZAJRF",
        "text": "I'm fucking bliiiiind",
        "client_msg_id": "bdac2fd3-b1f3-4110-9cfe-a3e3b8157942",
        "ts": "1520735958.000057"
    },
    {
        "type": "message",
        "user": "U9C5ZAJRF",
        "text": "On my phone",
        "client_msg_id": "24af1f75-6203-44a2-be55-ff3dc9521b3f",
        "ts": "1520735962.000058"
    },
    {
        "type": "message",
        "user": "U9C5ZAJRF",
        "text": "Sorry",
        "client_msg_id": "8b7475e8-54bd-49a2-be61-72b77eca77d5",
        "ts": "1520735964.000050"
    },
    {
        "type": "message",
        "user": "U9D1J4RJS",
        "text": "S'ok",
        "ts": "1520735967.000024"
    },
    {
        "type": "message",
        "user": "U970EQ95H",
        "text": "And, Mussa needs to be able to have it work for him without jumping through a lot of hoops, so we should probably host it",
        "ts": "1520736008.000005",
        "reactions": [
            {
                "name": "point_up",
                "users": [
                    "U9C5ZAJRF",
                    "U9789MP9B"
                ],
                "count": 2
            }
        ]
    },
    {
        "type": "message",
        "user": "U9C5ZAJRF",
        "text": "Wait I thought the instructions said we need to say how to host it\/run it",
        "client_msg_id": "ca62ee36-b1ec-4304-8966-4fdf7f4350ec",
        "ts": "1520736012.000075"
    },
    {
        "type": "message",
        "user": "U9C5ZAJRF",
        "text": "Yeah",
        "client_msg_id": "b12a09c4-edab-4a81-8f48-8f3fd4f88f53",
        "ts": "1520736018.000080"
    },
    {
        "type": "message",
        "subtype": "file_share",
        "text": "<@U9BG6E16C> uploaded a file: <https:\/\/renegonbits.slack.com\/files\/U9BG6E16C\/F9M8TUWP2\/image.png|image.png>",
        "file": {
            "id": "F9M8TUWP2",
            "created": 1520736070,
            "timestamp": 1520736070,
            "name": "image.png",
            "title": "image.png",
            "mimetype": "image\/png",
            "filetype": "png",
            "pretty_type": "PNG",
            "user": "U9BG6E16C",
            "editable": false,
            "size": 28821,
            "mode": "hosted",
            "is_external": false,
            "external_type": "",
            "is_public": true,
            "public_url_shared": false,
            "display_as_bot": false,
            "username": "",
            "url_private": "https:\/\/files.slack.com\/files-pri\/T970EQ935-F9M8TUWP2\/image.png?t=xoxe-313014825107-328812898710-329016650199-19e38adb7c3c7240e5ee9fce47958e12",
            "url_private_download": "https:\/\/files.slack.com\/files-pri\/T970EQ935-F9M8TUWP2\/download\/image.png?t=xoxe-313014825107-328812898710-329016650199-19e38adb7c3c7240e5ee9fce47958e12",
            "thumb_64": "https:\/\/files.slack.com\/files-tmb\/T970EQ935-F9M8TUWP2-6805b8beab\/image_64.png?t=xoxe-313014825107-328812898710-329016650199-19e38adb7c3c7240e5ee9fce47958e12",
            "thumb_80": "https:\/\/files.slack.com\/files-tmb\/T970EQ935-F9M8TUWP2-6805b8beab\/image_80.png?t=xoxe-313014825107-328812898710-329016650199-19e38adb7c3c7240e5ee9fce47958e12",
            "thumb_360": "https:\/\/files.slack.com\/files-tmb\/T970EQ935-F9M8TUWP2-6805b8beab\/image_360.png?t=xoxe-313014825107-328812898710-329016650199-19e38adb7c3c7240e5ee9fce47958e12",
            "thumb_360_w": 360,
            "thumb_360_h": 316,
            "thumb_480": "https:\/\/files.slack.com\/files-tmb\/T970EQ935-F9M8TUWP2-6805b8beab\/image_480.png?t=xoxe-313014825107-328812898710-329016650199-19e38adb7c3c7240e5ee9fce47958e12",
            "thumb_480_w": 480,
            "thumb_480_h": 421,
            "thumb_160": "https:\/\/files.slack.com\/files-tmb\/T970EQ935-F9M8TUWP2-6805b8beab\/image_160.png?t=xoxe-313014825107-328812898710-329016650199-19e38adb7c3c7240e5ee9fce47958e12",
            "thumb_720": "https:\/\/files.slack.com\/files-tmb\/T970EQ935-F9M8TUWP2-6805b8beab\/image_720.png?t=xoxe-313014825107-328812898710-329016650199-19e38adb7c3c7240e5ee9fce47958e12",
            "thumb_720_w": 720,
            "thumb_720_h": 632,
            "thumb_800": "https:\/\/files.slack.com\/files-tmb\/T970EQ935-F9M8TUWP2-6805b8beab\/image_800.png?t=xoxe-313014825107-328812898710-329016650199-19e38adb7c3c7240e5ee9fce47958e12",
            "thumb_800_w": 800,
            "thumb_800_h": 702,
            "image_exif_rotation": 1,
            "original_w": 832,
            "original_h": 730,
            "permalink": "https:\/\/renegonbits.slack.com\/files\/U9BG6E16C\/F9M8TUWP2\/image.png",
            "permalink_public": "https:\/\/slack-files.com\/T970EQ935-F9M8TUWP2-292030757a",
            "channels": [],
            "groups": [],
            "ims": [],
            "comments_count": 0
        },
        "user": "U9BG6E16C",
        "upload": true,
        "display_as_bot": false,
        "username": "cscott71",
        "bot_id": null,
        "ts": "1520736072.000052"
    },
    {
        "type": "message",
        "user": "U9BG6E16C",
        "text": "Does anyone need anything else from me? Otherwise I need to get going",
        "ts": "1520736128.000047"
    },
    {
        "type": "message",
        "user": "U970EQ95H",
        "text": "I think you're good if Braxton's going to edit in the diagrams",
        "ts": "1520736152.000095"
    },
    {
        "type": "message",
        "user": "U970EQ95H",
        "text": "Just make sure you turn in your peer review",
        "ts": "1520736168.000076"
    },
    {
        "type": "message",
        "user": "U9BG6E16C",
        "text": "Yeah, we just submit them on dropbox individually right?",
        "ts": "1520736178.000057"
    },
    {
        "type": "message",
        "user": "U970EQ95H",
        "text": "Yep",
        "ts": "1520736182.000006"
    },
    {
        "type": "message",
        "user": "U9BG6E16C",
        "text": "Gotcha. Cool. I'll probably check in sometime later tonight.",
        "ts": "1520736203.000088",
        "reactions": [
            {
                "name": "heart",
                "users": [
                    "U9C5ZAJRF"
                ],
                "count": 1
            }
        ]
    },
    {
        "type": "message",
        "user": "U9C5ZAJRF",
        "text": "So since we want to get some stuff done over the break, tomorrow do we want to talk about what we want to do next in terms of use cases? I'm kind of inexperienced so I'd like a good lead time on what I need to do",
        "client_msg_id": "5e5b936e-1e1a-495a-8ab4-ee500ba8ceec",
        "ts": "1520736748.000090",
        "reactions": [
            {
                "name": "+1",
                "users": [
                    "U9789MP9B"
                ],
                "count": 1
            }
        ]
    },
    {
        "type": "message",
        "user": "U970EQ95H",
        "text": "By talk do you mean just message in here or do you mean actually have some kind of meeting?",
        "ts": "1520736827.000031"
    },
    {
        "type": "message",
        "user": "U9C5ZAJRF",
        "text": "In here is fine~",
        "client_msg_id": "64e64489-1549-404b-a1d2-54d6dc462e65",
        "ts": "1520736906.000007"
    },
    {
        "type": "message",
        "user": "U970EQ95H",
        "text": "That's fine with me, but I have plans tomorrow afternoon\/evening, so I don't know how interactive I can be",
        "ts": "1520737036.000096"
    },
    {
        "type": "message",
        "user": "U9D1J4RJS",
        "text": "Do we rate ourselves?",
        "ts": "1520737156.000004"
    },
    {
        "type": "message",
        "user": "U9D1J4RJS",
        "text": "I notice there are 5 fields instead of 4",
        "ts": "1520737162.000069"
    },
    {
        "type": "message",
        "user": "U970EQ95H",
        "text": "We don't",
        "ts": "1520737165.000054"
    },
    {
        "type": "message",
        "user": "U9D1J4RJS",
        "text": "Cool",
        "ts": "1520737167.000035"
    },
    {
        "type": "message",
        "user": "U9789MP9B",
        "text": "I just realized that 9 here is midnight there. I don't think I'll be able to record something right now <@U9BG6E16C> <@U970EQ95H>",
        "client_msg_id": "23769cb8-583e-4f00-be94-41d5a7a9d01e",
        "ts": "1520737739.000056"
    },
    {
        "type": "message",
        "user": "U9789MP9B",
        "text": "I might be able to write the script for it",
        "client_msg_id": "0a466da9-2b93-41d9-81e7-1d5e1328d851",
        "ts": "1520737758.000015"
    },
    {
        "type": "message",
        "user": "U9789MP9B",
        "text": "Subrepository in git",
        "client_msg_id": "c6623663-fe7b-47c7-833d-b7aaf3d8115c",
        "thread_ts": "1520731024.000014",
        "parent_user_id": "U9D1J4RJS",
        "ts": "1520738195.000002"
    },
    {
        "type": "message",
        "user": "U970EQ95H",
        "text": "Okay, we'll just have to upload the video late then. When do you think you'll be able to record?",
        "ts": "1520738364.000038"
    },
    {
        "type": "message",
        "user": "U9789MP9B",
        "text": "Probably 11 or 12 here which is 2-3 there",
        "client_msg_id": "bfde1ea1-fbff-4ee7-8b31-c619c4f76b41",
        "ts": "1520738467.000029"
    },
    {
        "type": "message",
        "user": "U970EQ95H",
        "text": "<@U9C5ZAJRF> Do you think we should just turn in a video without Nish in it and upload a new one later or just wait to get Nish's video?",
        "ts": "1520739177.000056"
    },
    {
        "type": "message",
        "user": "U9C5ZAJRF",
        "text": "I think we can do one without Nish, and he can do one later and we reupload",
        "client_msg_id": "286a869a-d240-45df-ae12-058da21fdf32",
        "ts": "1520739267.000064"
    },
    {
        "type": "message",
        "user": "U9C5ZAJRF",
        "text": "I'll do the other use case then, and we can let him film the \"why we did this\" part, as it's nonessential",
        "client_msg_id": "3dc0c870-e837-4e84-9442-4c3a3a184563",
        "ts": "1520739298.000045"
    },
    {
        "type": "message",
        "user": "U970EQ95H",
        "text": "Okay",
        "ts": "1520739433.000066"
    },
    {
        "type": "message",
        "user": "U970EQ95H",
        "text": "I'm going to record my video now, so I'll get it to you soon",
        "ts": "1520739456.000075"
    },
    {
        "type": "message",
        "user": "U9C5ZAJRF",
        "text": "Alright, thats two videos down, just waiting on myself and Brian. Doing mine in a moment :smile:",
        "ts": "1520741279.000018"
    },
    {
        "type": "message",
        "user": "U970EQ95H",
        "text": "Alright, I need to know how to tell him to use the system",
        "ts": "1520743019.000090"
    },
    {
        "type": "message",
        "user": "U9C5ZAJRF",
        "text": "So Brian is still cranking the app out",
        "ts": "1520743162.000062"
    }
]