[
    {
        "type": "message",
        "user": "U970EQ95H",
        "text": "Hey <!everyone>, Assignment 3 is due today, so I need your use cases so I can work on the diagrams. \nWe each also need to make videos about Project Requirements and System Modeling. For the videos, I'm thinking that we can have 3 people talk about the requirements for each of the different users (average consumer, recognized organizations, and administrators) and 2 people talk about the system modeling (one person talks about object modeling the other talks about the behavioral modeling)",
        "edited": {
            "user": "U970EQ95H",
            "ts": "1519500086.000000"
        },
        "ts": "1519500030.000066",
        "reactions": [
            {
                "name": "+1",
                "users": [
                    "U9789MP9B",
                    "U9C5ZAJRF"
                ],
                "count": 2
            }
        ]
    },
    {
        "type": "message",
        "user": "U9789MP9B",
        "text": "<https:\/\/docs.google.com\/document\/d\/13TjzemgGLa6v2R1o0MRQ6SwN2EvV21G-HhpdxN7LGFw\/edit?usp=sharing>",
        "ts": "1519507728.000033"
    },
    {
        "type": "message",
        "user": "U9789MP9B",
        "text": "<@U970EQ95H> where are you seeing the video requirements? Did he say it in class? It doesn't really say what we need",
        "ts": "1519507985.000040"
    },
    {
        "type": "message",
        "user": "U970EQ95H",
        "text": "Below section c (System Modeling), it says to submit a project requirements system modeling video",
        "ts": "1519508067.000079"
    },
    {
        "type": "message",
        "user": "U970EQ95H",
        "text": "So, I'm just going with making a video on the requirements and the system models",
        "ts": "1519508098.000088"
    },
    {
        "type": "message",
        "user": "U9BG6E16C",
        "text": "What exactly are we supposed to cover in our videos individually?",
        "ts": "1519513137.000019"
    },
    {
        "type": "message",
        "user": "U9BG6E16C",
        "text": "Did you just wanna split 3 of us into doing requirements list?",
        "ts": "1519513146.000047"
    },
    {
        "type": "message",
        "user": "U9BG6E16C",
        "text": "Oh wait, I see",
        "ts": "1519513200.000016"
    },
    {
        "type": "message",
        "user": "U9BG6E16C",
        "text": "I'll do the requirements for the administrators if that's alright <!channel>",
        "ts": "1519513278.000116"
    },
    {
        "type": "message",
        "user": "U9BG6E16C",
        "text": "You just want us to more or less summarize what you have in your Requirements List pdf?",
        "ts": "1519513290.000093"
    },
    {
        "type": "message",
        "user": "U970EQ95H",
        "text": "Okay, I haven't gotten everything yet, but for the video I'm assigning \n<@U9BG6E16C> to talk about requirements for administrators\n<@U9789MP9B> to talk about requirements for recognized organizations\n<@U9D1J4RJS> to talk about requirements for ordinary clients\n<@U9C5ZAJRF> to talk about the object modeling (just how the different objects in the system are connected some operations they have)\nI'll talk about the behavioral modeling",
        "edited": {
            "user": "U970EQ95H",
            "ts": "1519513457.000000"
        },
        "ts": "1519513358.000054",
        "reactions": [
            {
                "name": "+1",
                "users": [
                    "U9789MP9B",
                    "U9D1J4RJS"
                ],
                "count": 2
            }
        ]
    },
    {
        "type": "message",
        "user": "U970EQ95H",
        "text": "Sorry, I was typing this as you were asking the questions <@U9BG6E16C>",
        "edited": {
            "user": "U970EQ95H",
            "ts": "1519513387.000000"
        },
        "ts": "1519513375.000082"
    },
    {
        "type": "message",
        "user": "U970EQ95H",
        "text": "And yes, that's essentially what I want",
        "ts": "1519513420.000081"
    },
    {
        "type": "message",
        "user": "U9BG6E16C",
        "text": "Oh okay, cool. I'll get on that rn",
        "ts": "1519513484.000017"
    },
    {
        "type": "message",
        "user": "U970EQ95H",
        "text": "Thanks, just share the google drive link here so we can have access to it",
        "ts": "1519513636.000090"
    },
    {
        "type": "message",
        "user": "U9789MP9B",
        "text": "uploading. Let me know if it needs to be changed in any way",
        "ts": "1519514366.000047"
    },
    {
        "type": "message",
        "subtype": "file_share",
        "text": "<@U9789MP9B> uploaded a file: <https:\/\/renegonbits.slack.com\/files\/U9789MP9B\/F9EBC4M3N\/vid_20180224_181730.mp4|Slack for Android Upload>",
        "file": {
            "id": "F9EBC4M3N",
            "created": 1519514364,
            "timestamp": 1519514364,
            "name": "VID_20180224_181730.mp4",
            "title": "Slack for Android Upload",
            "mimetype": "video\/mp4",
            "filetype": "mp4",
            "pretty_type": "MPEG 4 Video",
            "user": "U9789MP9B",
            "editable": false,
            "size": 35296196,
            "mode": "hosted",
            "is_external": false,
            "external_type": "",
            "is_public": true,
            "public_url_shared": false,
            "display_as_bot": false,
            "username": "",
            "url_private": "https:\/\/files.slack.com\/files-pri\/T970EQ935-F9EBC4M3N\/vid_20180224_181730.mp4?t=xoxe-313014825107-328812898710-329016650199-19e38adb7c3c7240e5ee9fce47958e12",
            "url_private_download": "https:\/\/files.slack.com\/files-pri\/T970EQ935-F9EBC4M3N\/download\/vid_20180224_181730.mp4?t=xoxe-313014825107-328812898710-329016650199-19e38adb7c3c7240e5ee9fce47958e12",
            "permalink": "https:\/\/renegonbits.slack.com\/files\/U9789MP9B\/F9EBC4M3N\/vid_20180224_181730.mp4",
            "permalink_public": "https:\/\/slack-files.com\/T970EQ935-F9EBC4M3N-71c931ebde",
            "channels": [],
            "groups": [],
            "ims": [],
            "comments_count": 0
        },
        "user": "U9789MP9B",
        "upload": true,
        "display_as_bot": false,
        "username": "nsinha2",
        "bot_id": null,
        "ts": "1519514366.000088"
    },
    {
        "type": "message",
        "user": "U970EQ95H",
        "text": "It might need to be a little longer, so either drag it out a little bit or put more detail into the requirements",
        "ts": "1519514531.000067"
    },
    {
        "type": "message",
        "user": "U970EQ95H",
        "text": "I'd say try to get it up to around 40 seconds",
        "ts": "1519514554.000090"
    },
    {
        "type": "message",
        "user": "U9789MP9B",
        "text": "I don't have the details yet but when I do I will",
        "client_msg_id": "0d2733f8-dd7f-430e-8330-51efd947a7a1",
        "ts": "1519514561.000095"
    },
    {
        "type": "message",
        "user": "U9789MP9B",
        "text": "But the video needs to be 3-5 minutes so with each of our parts around 30-45 seconds we _should_ be good",
        "client_msg_id": "9cccc0c1-8390-4a27-9259-ab9aa1644efa",
        "edited": {
            "user": "U9789MP9B",
            "ts": "1519517732.000000"
        },
        "ts": "1519514590.000028"
    },
    {
        "type": "message",
        "subtype": "file_share",
        "text": "<@U9BG6E16C> uploaded a file: <https:\/\/renegonbits.slack.com\/files\/U9BG6E16C\/F9E94D6HZ\/requirements.mp4|requirements.mp4>",
        "file": {
            "id": "F9E94D6HZ",
            "created": 1519515204,
            "timestamp": 1519515204,
            "name": "requirements.mp4",
            "title": "requirements.mp4",
            "mimetype": "video\/mp4",
            "filetype": "mp4",
            "pretty_type": "MPEG 4 Video",
            "user": "U9BG6E16C",
            "editable": false,
            "size": 92712083,
            "mode": "hosted",
            "is_external": false,
            "external_type": "",
            "is_public": true,
            "public_url_shared": false,
            "display_as_bot": false,
            "username": "",
            "url_private": "https:\/\/files.slack.com\/files-pri\/T970EQ935-F9E94D6HZ\/requirements.mp4?t=xoxe-313014825107-328812898710-329016650199-19e38adb7c3c7240e5ee9fce47958e12",
            "url_private_download": "https:\/\/files.slack.com\/files-pri\/T970EQ935-F9E94D6HZ\/download\/requirements.mp4?t=xoxe-313014825107-328812898710-329016650199-19e38adb7c3c7240e5ee9fce47958e12",
            "permalink": "https:\/\/renegonbits.slack.com\/files\/U9BG6E16C\/F9E94D6HZ\/requirements.mp4",
            "permalink_public": "https:\/\/slack-files.com\/T970EQ935-F9E94D6HZ-aed36b5576",
            "channels": [],
            "groups": [],
            "ims": [],
            "comments_count": 0
        },
        "user": "U9BG6E16C",
        "upload": true,
        "display_as_bot": false,
        "username": "cscott71",
        "bot_id": null,
        "ts": "1519515208.000076"
    },
    {
        "type": "message",
        "user": "U9BG6E16C",
        "text": "Lemme know if it needs to be changed",
        "ts": "1519515229.000029"
    },
    {
        "type": "message",
        "subtype": "file_share",
        "text": "<@U970EQ95H> uploaded a file: <https:\/\/renegonbits.slack.com\/files\/U970EQ95H\/F9DRDD4JD\/use_cases_7-9.docx|Use Cases 7-9.docx> and commented: Here are my use cases in case any of you need them.",
        "file": {
            "id": "F9DRDD4JD",
            "created": 1519518059,
            "timestamp": 1519518059,
            "name": "Use Cases 7-9.docx",
            "title": "Use Cases 7-9.docx",
            "mimetype": "application\/vnd.openxmlformats-officedocument.wordprocessingml.document",
            "filetype": "docx",
            "pretty_type": "Word Document",
            "user": "U970EQ95H",
            "editable": false,
            "size": 28816,
            "mode": "hosted",
            "is_external": false,
            "external_type": "",
            "is_public": true,
            "public_url_shared": false,
            "display_as_bot": false,
            "username": "",
            "url_private": "https:\/\/files.slack.com\/files-pri\/T970EQ935-F9DRDD4JD\/use_cases_7-9.docx?t=xoxe-313014825107-328812898710-329016650199-19e38adb7c3c7240e5ee9fce47958e12",
            "url_private_download": "https:\/\/files.slack.com\/files-pri\/T970EQ935-F9DRDD4JD\/download\/use_cases_7-9.docx?t=xoxe-313014825107-328812898710-329016650199-19e38adb7c3c7240e5ee9fce47958e12",
            "permalink": "https:\/\/renegonbits.slack.com\/files\/U970EQ95H\/F9DRDD4JD\/use_cases_7-9.docx",
            "permalink_public": "https:\/\/slack-files.com\/T970EQ935-F9DRDD4JD-e6efdbb796",
            "channels": [],
            "groups": [],
            "ims": [],
            "comments_count": 1,
            "initial_comment": {
                "id": "Fc9DNDRPH6",
                "created": 1519518059,
                "timestamp": 1519518059,
                "user": "U970EQ95H",
                "is_intro": true,
                "comment": "Here are my use cases in case any of you need them."
            }
        },
        "user": "U970EQ95H",
        "upload": true,
        "display_as_bot": false,
        "username": "jherrera6",
        "bot_id": null,
        "ts": "1519518060.000036"
    },
    {
        "type": "message",
        "user": "U9C5ZAJRF",
        "text": "<@U970EQ95H> you mean the third picture right?",
        "thread_ts": "1519336694.000718",
        "parent_user_id": "U9BG6E16C",
        "ts": "1519518608.000100"
    },
    {
        "type": "message",
        "user": "U9C5ZAJRF",
        "text": "Not the second one?",
        "thread_ts": "1519336694.000718",
        "parent_user_id": "U9BG6E16C",
        "ts": "1519518612.000014"
    },
    {
        "type": "message",
        "user": "U9C5ZAJRF",
        "text": "Cause looking at Nish's post, he used the second picture (second half of the first template)",
        "thread_ts": "1519336694.000718",
        "parent_user_id": "U9BG6E16C",
        "ts": "1519518660.000077"
    },
    {
        "type": "message",
        "user": "U9C5ZAJRF",
        "text": "Also~ <@U9BG6E16C> did you give your use cases to Jason? Brian and I are doing ours now",
        "ts": "1519518730.000077"
    },
    {
        "type": "message",
        "user": "U9C5ZAJRF",
        "text": "I just didnt see yours uploaded and wanted to make sure :+1:",
        "ts": "1519518742.000032"
    },
    {
        "type": "message",
        "user": "U9BG6E16C",
        "text": "Yeah",
        "ts": "1519518753.000080",
        "reactions": [
            {
                "name": "ok_hand",
                "users": [
                    "U9C5ZAJRF"
                ],
                "count": 1
            }
        ]
    },
    {
        "type": "message",
        "user": "U9C5ZAJRF",
        "text": "<@U9789MP9B>",
        "thread_ts": "1519336694.000718",
        "parent_user_id": "U9BG6E16C",
        "ts": "1519518774.000013"
    },
    {
        "type": "message",
        "user": "U970EQ95H",
        "text": "The second picture is what we use for the use cases. The third picture is for test cases",
        "thread_ts": "1519336694.000718",
        "parent_user_id": "U9BG6E16C",
        "ts": "1519519307.000108"
    },
    {
        "type": "message",
        "subtype": "file_share",
        "text": "<@U9D1J4RJS> uploaded a file: <https:\/\/renegonbits.slack.com\/files\/U9D1J4RJS\/F9E9EBXBM\/use_cases_13-15.docx|Use Cases 13-15.docx>",
        "file": {
            "id": "F9E9EBXBM",
            "created": 1519520117,
            "timestamp": 1519520117,
            "name": "Use Cases 13-15.docx",
            "title": "Use Cases 13-15.docx",
            "mimetype": "application\/vnd.openxmlformats-officedocument.wordprocessingml.document",
            "filetype": "docx",
            "pretty_type": "Word Document",
            "user": "U9D1J4RJS",
            "editable": false,
            "size": 6369,
            "mode": "hosted",
            "is_external": false,
            "external_type": "",
            "is_public": true,
            "public_url_shared": false,
            "display_as_bot": false,
            "username": "",
            "url_private": "https:\/\/files.slack.com\/files-pri\/T970EQ935-F9E9EBXBM\/use_cases_13-15.docx?t=xoxe-313014825107-328812898710-329016650199-19e38adb7c3c7240e5ee9fce47958e12",
            "url_private_download": "https:\/\/files.slack.com\/files-pri\/T970EQ935-F9E9EBXBM\/download\/use_cases_13-15.docx?t=xoxe-313014825107-328812898710-329016650199-19e38adb7c3c7240e5ee9fce47958e12",
            "permalink": "https:\/\/renegonbits.slack.com\/files\/U9D1J4RJS\/F9E9EBXBM\/use_cases_13-15.docx",
            "permalink_public": "https:\/\/slack-files.com\/T970EQ935-F9E9EBXBM-a2b92b13f6",
            "channels": [],
            "groups": [],
            "ims": [],
            "comments_count": 0
        },
        "user": "U9D1J4RJS",
        "upload": true,
        "display_as_bot": false,
        "username": "bcabigonsoliber1",
        "bot_id": null,
        "ts": "1519520117.000101"
    },
    {
        "type": "message",
        "user": "U970EQ95H",
        "text": "So, we also need test cases for our requirements. There are 13, so I’ll just try to line it up with the use cases each person did.\n<@U9BG6E16C> will do 1-3\n<@U9789MP9B> will do 4-6\nI’ll do 7-9\n<@U9C5ZAJRF> will do 10-11\n<@U9D1J4RJS> will do 12-13\nUse the template for the test cases in assignment 3",
        "ts": "1519520227.000024"
    },
    {
        "type": "message",
        "user": "U970EQ95H",
        "text": "Actually I still need to do stuff for the next parts for assignment 3, so <@U9C5ZAJRF> can you do 7 and can <@U9D1J4RJS> do 8-9?",
        "ts": "1519520361.000094"
    },
    {
        "type": "message",
        "user": "U9C5ZAJRF",
        "text": ":+1:",
        "ts": "1519520379.000026"
    },
    {
        "type": "message",
        "user": "U9D1J4RJS",
        "text": ":+1:",
        "ts": "1519520406.000115"
    },
    {
        "type": "message",
        "user": "U970EQ95H",
        "text": "And I’m almost done with the object model to help with your video Braxton",
        "ts": "1519520460.000039"
    },
    {
        "type": "message",
        "subtype": "file_share",
        "text": "<@U9C5ZAJRF> uploaded a file: <https:\/\/renegonbits.slack.com\/files\/U9C5ZAJRF\/F9F80LMT8\/use_cases_10-12.docx|Use Cases 10-12.docx>",
        "file": {
            "id": "F9F80LMT8",
            "created": 1519521985,
            "timestamp": 1519521985,
            "name": "Use Cases 10-12.docx",
            "title": "Use Cases 10-12.docx",
            "mimetype": "application\/vnd.openxmlformats-officedocument.wordprocessingml.document",
            "filetype": "docx",
            "pretty_type": "Word Document",
            "user": "U9C5ZAJRF",
            "editable": false,
            "size": 14818,
            "mode": "hosted",
            "is_external": false,
            "external_type": "",
            "is_public": true,
            "public_url_shared": false,
            "display_as_bot": false,
            "username": "",
            "url_private": "https:\/\/files.slack.com\/files-pri\/T970EQ935-F9F80LMT8\/use_cases_10-12.docx?t=xoxe-313014825107-328812898710-329016650199-19e38adb7c3c7240e5ee9fce47958e12",
            "url_private_download": "https:\/\/files.slack.com\/files-pri\/T970EQ935-F9F80LMT8\/download\/use_cases_10-12.docx?t=xoxe-313014825107-328812898710-329016650199-19e38adb7c3c7240e5ee9fce47958e12",
            "permalink": "https:\/\/renegonbits.slack.com\/files\/U9C5ZAJRF\/F9F80LMT8\/use_cases_10-12.docx",
            "permalink_public": "https:\/\/slack-files.com\/T970EQ935-F9F80LMT8-0e41187127",
            "channels": [],
            "groups": [],
            "ims": [],
            "comments_count": 0
        },
        "user": "U9C5ZAJRF",
        "upload": true,
        "display_as_bot": false,
        "username": "bmclean3",
        "bot_id": null,
        "ts": "1519521985.000080"
    },
    {
        "type": "message",
        "user": "U9C5ZAJRF",
        "text": "Working on test cases for 7, 10, and 11",
        "ts": "1519522008.000042"
    },
    {
        "type": "message",
        "user": "U9789MP9B",
        "text": "Yeah is my post wrong?",
        "client_msg_id": "3d611ca4-65ea-4709-a8d6-f336e2fb5211",
        "thread_ts": "1519336694.000718",
        "parent_user_id": "U9BG6E16C",
        "ts": "1519522110.000035"
    },
    {
        "type": "message",
        "user": "U9789MP9B",
        "text": "All I have is my phone rn so it might take me a while to get this done",
        "client_msg_id": "4b63c025-86e1-48ba-a35d-9f133368fe97",
        "ts": "1519523601.000079"
    },
    {
        "type": "message",
        "user": "U9789MP9B",
        "text": "Does anyone have an example test case?",
        "ts": "1519525132.000051"
    },
    {
        "type": "message",
        "user": "U9D1J4RJS",
        "text": "I gotchu",
        "ts": "1519525441.000037"
    },
    {
        "type": "message",
        "subtype": "file_share",
        "text": "<@U9D1J4RJS> uploaded a file: <https:\/\/renegonbits.slack.com\/files\/U9D1J4RJS\/F9EG5LCLV\/test_cases_8__9__12__13.docx|Test Cases 8, 9, 12, 13.docx>",
        "file": {
            "id": "F9EG5LCLV",
            "created": 1519525452,
            "timestamp": 1519525452,
            "name": "Test Cases 8, 9, 12, 13.docx",
            "title": "Test Cases 8, 9, 12, 13.docx",
            "mimetype": "application\/vnd.openxmlformats-officedocument.wordprocessingml.document",
            "filetype": "docx",
            "pretty_type": "Word Document",
            "user": "U9D1J4RJS",
            "editable": false,
            "size": 5298,
            "mode": "hosted",
            "is_external": false,
            "external_type": "",
            "is_public": true,
            "public_url_shared": false,
            "display_as_bot": false,
            "username": "",
            "url_private": "https:\/\/files.slack.com\/files-pri\/T970EQ935-F9EG5LCLV\/test_cases_8__9__12__13.docx?t=xoxe-313014825107-328812898710-329016650199-19e38adb7c3c7240e5ee9fce47958e12",
            "url_private_download": "https:\/\/files.slack.com\/files-pri\/T970EQ935-F9EG5LCLV\/download\/test_cases_8__9__12__13.docx?t=xoxe-313014825107-328812898710-329016650199-19e38adb7c3c7240e5ee9fce47958e12",
            "permalink": "https:\/\/renegonbits.slack.com\/files\/U9D1J4RJS\/F9EG5LCLV\/test_cases_8__9__12__13.docx",
            "permalink_public": "https:\/\/slack-files.com\/T970EQ935-F9EG5LCLV-3b63a47ba5",
            "channels": [],
            "groups": [],
            "ims": [],
            "comments_count": 0
        },
        "user": "U9D1J4RJS",
        "upload": true,
        "display_as_bot": false,
        "username": "bcabigonsoliber1",
        "bot_id": null,
        "ts": "1519525452.000081"
    },
    {
        "type": "message",
        "subtype": "file_share",
        "text": "<@U970EQ95H> uploaded a file: <https:\/\/renegonbits.slack.com\/files\/U970EQ95H\/F9FE6JB1D\/object_modeling.docx|Object Modeling.docx> and commented: Here's the object modeling",
        "file": {
            "id": "F9FE6JB1D",
            "created": 1519525496,
            "timestamp": 1519525496,
            "name": "Object Modeling.docx",
            "title": "Object Modeling.docx",
            "mimetype": "application\/vnd.openxmlformats-officedocument.wordprocessingml.document",
            "filetype": "docx",
            "pretty_type": "Word Document",
            "user": "U970EQ95H",
            "editable": false,
            "size": 80542,
            "mode": "hosted",
            "is_external": false,
            "external_type": "",
            "is_public": true,
            "public_url_shared": false,
            "display_as_bot": false,
            "username": "",
            "url_private": "https:\/\/files.slack.com\/files-pri\/T970EQ935-F9FE6JB1D\/object_modeling.docx?t=xoxe-313014825107-328812898710-329016650199-19e38adb7c3c7240e5ee9fce47958e12",
            "url_private_download": "https:\/\/files.slack.com\/files-pri\/T970EQ935-F9FE6JB1D\/download\/object_modeling.docx?t=xoxe-313014825107-328812898710-329016650199-19e38adb7c3c7240e5ee9fce47958e12",
            "permalink": "https:\/\/renegonbits.slack.com\/files\/U970EQ95H\/F9FE6JB1D\/object_modeling.docx",
            "permalink_public": "https:\/\/slack-files.com\/T970EQ935-F9FE6JB1D-e4fa48edc8",
            "channels": [],
            "groups": [],
            "ims": [],
            "comments_count": 1,
            "initial_comment": {
                "id": "Fc9FE6JC79",
                "created": 1519525496,
                "timestamp": 1519525496,
                "user": "U970EQ95H",
                "is_intro": true,
                "comment": "Here's the object modeling"
            }
        },
        "user": "U970EQ95H",
        "upload": true,
        "display_as_bot": false,
        "username": "jherrera6",
        "bot_id": null,
        "ts": "1519525497.000031"
    },
    {
        "type": "message",
        "user": "U9C5ZAJRF",
        "text": "Shank you",
        "ts": "1519525509.000027"
    },
    {
        "type": "message",
        "user": "U970EQ95H",
        "text": "I couldn't really think of operations to add for 3 of the objects, so feel free to add if you think of anthing",
        "ts": "1519525566.000072"
    },
    {
        "type": "message",
        "user": "U9789MP9B",
        "text": "<https:\/\/docs.google.com\/document\/d\/1s0H8IuLuLJZlGi8Oh12issRVRdDmTo2LEfa4XyMBPTo\/edit?usp=sharing>",
        "ts": "1519526208.000044"
    },
    {
        "type": "message",
        "user": "U9789MP9B",
        "text": "Not sure what to put for 6 (viewing the Feed)",
        "edited": {
            "user": "U9789MP9B",
            "ts": "1519526226.000000"
        },
        "ts": "1519526221.000098"
    },
    {
        "type": "message",
        "user": "U9C5ZAJRF",
        "text": "Also in class he stated to put who wrote the test cases",
        "ts": "1519526343.000067"
    },
    {
        "type": "message",
        "user": "U9C5ZAJRF",
        "text": "so",
        "ts": "1519526344.000029"
    },
    {
        "type": "message",
        "user": "U9C5ZAJRF",
        "text": "do that",
        "ts": "1519526346.000010"
    },
    {
        "type": "message",
        "user": "U970EQ95H",
        "text": "Should we do that for the use cases too?",
        "ts": "1519526378.000058"
    },
    {
        "type": "message",
        "user": "U9C5ZAJRF",
        "text": "He didnt specify",
        "ts": "1519526621.000089"
    },
    {
        "type": "message",
        "user": "U9C5ZAJRF",
        "text": "He just said test cases so that when we go to implement them we can communicate with the writer of it",
        "ts": "1519526639.000019"
    },
    {
        "type": "message",
        "subtype": "file_share",
        "text": "<@U9D1J4RJS> uploaded a file: <https:\/\/renegonbits.slack.com\/files\/U9D1J4RJS\/F9EC3GE68\/20180224_215326.mp4|20180224_215326.mp4>",
        "file": {
            "id": "F9EC3GE68",
            "created": 1519527446,
            "timestamp": 1519527446,
            "name": "20180224_215326.mp4",
            "title": "20180224_215326.mp4",
            "mimetype": "video\/mp4",
            "filetype": "mp4",
            "pretty_type": "MPEG 4 Video",
            "user": "U9D1J4RJS",
            "editable": false,
            "size": 75251661,
            "mode": "hosted",
            "is_external": false,
            "external_type": "",
            "is_public": true,
            "public_url_shared": false,
            "display_as_bot": false,
            "username": "",
            "url_private": "https:\/\/files.slack.com\/files-pri\/T970EQ935-F9EC3GE68\/20180224_215326.mp4?t=xoxe-313014825107-328812898710-329016650199-19e38adb7c3c7240e5ee9fce47958e12",
            "url_private_download": "https:\/\/files.slack.com\/files-pri\/T970EQ935-F9EC3GE68\/download\/20180224_215326.mp4?t=xoxe-313014825107-328812898710-329016650199-19e38adb7c3c7240e5ee9fce47958e12",
            "permalink": "https:\/\/renegonbits.slack.com\/files\/U9D1J4RJS\/F9EC3GE68\/20180224_215326.mp4",
            "permalink_public": "https:\/\/slack-files.com\/T970EQ935-F9EC3GE68-eb944048a9",
            "channels": [],
            "groups": [],
            "ims": [],
            "comments_count": 1
        },
        "user": "U9D1J4RJS",
        "upload": true,
        "display_as_bot": false,
        "username": "bcabigonsoliber1",
        "bot_id": null,
        "ts": "1519527451.000029"
    },
    {
        "type": "message",
        "user": "U9C5ZAJRF",
        "text": "He's redoing his so we can meet the time requirements",
        "ts": "1519527877.000045"
    },
    {
        "type": "message",
        "user": "U970EQ95H",
        "text": "<@U9C5ZAJRF> have you already made your video?",
        "edited": {
            "user": "U970EQ95H",
            "ts": "1519527927.000000"
        },
        "ts": "1519527920.000028"
    },
    {
        "type": "message",
        "user": "U9C5ZAJRF",
        "text": "No Im helping Brian with his",
        "ts": "1519527930.000082"
    },
    {
        "type": "message",
        "user": "U9C5ZAJRF",
        "text": "and still doing my test cases",
        "ts": "1519527934.000081"
    },
    {
        "type": "message",
        "user": "U9C5ZAJRF",
        "text": "&gt;_&gt;",
        "ts": "1519527936.000010"
    },
    {
        "type": "message",
        "user": "U970EQ95H",
        "text": "Okay there's nothing really to talk about in the behavioral modeling, so I'm thinking we could split up the object modeling so you talk about the different objects and their associations with each other and I'll talk about the attributes and operations of the objects",
        "ts": "1519528016.000026"
    },
    {
        "type": "message",
        "user": "U9C5ZAJRF",
        "text": "Okay~ I'll message you",
        "ts": "1519528153.000015"
    },
    {
        "type": "message",
        "subtype": "file_share",
        "text": "<@U9C5ZAJRF> uploaded a file: <https:\/\/renegonbits.slack.com\/files\/U9C5ZAJRF\/F9DP1H3GQ\/test_cases_7_10_11.docx|Test Cases 7 10 11.docx>",
        "file": {
            "id": "F9DP1H3GQ",
            "created": 1519529574,
            "timestamp": 1519529574,
            "name": "Test Cases 7 10 11.docx",
            "title": "Test Cases 7 10 11.docx",
            "mimetype": "application\/vnd.openxmlformats-officedocument.wordprocessingml.document",
            "filetype": "docx",
            "pretty_type": "Word Document",
            "user": "U9C5ZAJRF",
            "editable": false,
            "size": 16998,
            "mode": "hosted",
            "is_external": false,
            "external_type": "",
            "is_public": true,
            "public_url_shared": false,
            "display_as_bot": false,
            "username": "",
            "url_private": "https:\/\/files.slack.com\/files-pri\/T970EQ935-F9DP1H3GQ\/test_cases_7_10_11.docx?t=xoxe-313014825107-328812898710-329016650199-19e38adb7c3c7240e5ee9fce47958e12",
            "url_private_download": "https:\/\/files.slack.com\/files-pri\/T970EQ935-F9DP1H3GQ\/download\/test_cases_7_10_11.docx?t=xoxe-313014825107-328812898710-329016650199-19e38adb7c3c7240e5ee9fce47958e12",
            "permalink": "https:\/\/renegonbits.slack.com\/files\/U9C5ZAJRF\/F9DP1H3GQ\/test_cases_7_10_11.docx",
            "permalink_public": "https:\/\/slack-files.com\/T970EQ935-F9DP1H3GQ-fd3f74c4f1",
            "channels": [],
            "groups": [],
            "ims": [],
            "comments_count": 0
        },
        "user": "U9C5ZAJRF",
        "upload": true,
        "display_as_bot": false,
        "username": "bmclean3",
        "bot_id": null,
        "ts": "1519529574.000043"
    },
    {
        "type": "message",
        "user": "U970EQ95H",
        "text": "Alright, we got it all done. I'm going to try to go in on Monday to meet with him and get feedback so that we can start a little earlier and not be down to the wire for the next assignment",
        "ts": "1519534934.000041"
    },
    {
        "type": "message",
        "user": "U9BG6E16C",
        "text": "Good job*",
        "edited": {
            "user": "U9BG6E16C",
            "ts": "1519536381.000000"
        },
        "ts": "1519536371.000049"
    }
]