[
    {
        "id": "U9D1J4RJS",
        "team_id": "T970EQ935",
        "name": "bcabigonsoliber1",
        "deleted": false,
        "color": "e7392d",
        "real_name": "Brian Cabigon",
        "tz": "America\/New_York",
        "tz_label": "Eastern Daylight Time",
        "tz_offset": -14400,
        "profile": {
            "title": "",
            "phone": "",
            "skype": "",
            "real_name": "Brian Cabigon",
            "real_name_normalized": "Brian Cabigon",
            "display_name": "brian",
            "display_name_normalized": "brian",
            "fields": null,
            "status_text": "",
            "status_emoji": "",
            "status_expiration": 0,
            "avatar_hash": "g5209d237238",
            "email": "bcabigonsoliber1@student.gsu.edu",
            "image_24": "https:\/\/secure.gravatar.com\/avatar\/5209d23723839c30f54773820c45c5c2.jpg?s=24&d=https%3A%2F%2Fa.slack-edge.com%2F66f9%2Fimg%2Favatars%2Fava_0016-24.png",
            "image_32": "https:\/\/secure.gravatar.com\/avatar\/5209d23723839c30f54773820c45c5c2.jpg?s=32&d=https%3A%2F%2Fa.slack-edge.com%2F66f9%2Fimg%2Favatars%2Fava_0016-32.png",
            "image_48": "https:\/\/secure.gravatar.com\/avatar\/5209d23723839c30f54773820c45c5c2.jpg?s=48&d=https%3A%2F%2Fa.slack-edge.com%2F66f9%2Fimg%2Favatars%2Fava_0016-48.png",
            "image_72": "https:\/\/secure.gravatar.com\/avatar\/5209d23723839c30f54773820c45c5c2.jpg?s=72&d=https%3A%2F%2Fa.slack-edge.com%2F66f9%2Fimg%2Favatars%2Fava_0016-72.png",
            "image_192": "https:\/\/secure.gravatar.com\/avatar\/5209d23723839c30f54773820c45c5c2.jpg?s=192&d=https%3A%2F%2Fa.slack-edge.com%2F7fa9%2Fimg%2Favatars%2Fava_0016-192.png",
            "image_512": "https:\/\/secure.gravatar.com\/avatar\/5209d23723839c30f54773820c45c5c2.jpg?s=512&d=https%3A%2F%2Fa.slack-edge.com%2F7fa9%2Fimg%2Favatars%2Fava_0016-512.png",
            "team": "T970EQ935"
        },
        "is_admin": false,
        "is_owner": false,
        "is_primary_owner": false,
        "is_restricted": false,
        "is_ultra_restricted": false,
        "is_bot": false,
        "updated": 1519171775,
        "is_app_user": false
    },
    {
        "id": "U9C5ZAJRF",
        "team_id": "T970EQ935",
        "name": "bmclean3",
        "deleted": false,
        "color": "674b1b",
        "real_name": "Braxton McLean",
        "tz": "America\/Los_Angeles",
        "tz_label": "Pacific Daylight Time",
        "tz_offset": -25200,
        "profile": {
            "title": "",
            "phone": "",
            "skype": "",
            "real_name": "Braxton McLean",
            "real_name_normalized": "Braxton McLean",
            "display_name": "",
            "display_name_normalized": "",
            "fields": null,
            "status_text": "",
            "status_emoji": "",
            "status_expiration": 0,
            "avatar_hash": "gaea46ab6fa7",
            "email": "bmclean3@student.gsu.edu",
            "image_24": "https:\/\/secure.gravatar.com\/avatar\/aea46ab6fa77b103e5ad12a6b67a3015.jpg?s=24&d=https%3A%2F%2Fa.slack-edge.com%2F66f9%2Fimg%2Favatars%2Fava_0008-24.png",
            "image_32": "https:\/\/secure.gravatar.com\/avatar\/aea46ab6fa77b103e5ad12a6b67a3015.jpg?s=32&d=https%3A%2F%2Fa.slack-edge.com%2F66f9%2Fimg%2Favatars%2Fava_0008-32.png",
            "image_48": "https:\/\/secure.gravatar.com\/avatar\/aea46ab6fa77b103e5ad12a6b67a3015.jpg?s=48&d=https%3A%2F%2Fa.slack-edge.com%2F66f9%2Fimg%2Favatars%2Fava_0008-48.png",
            "image_72": "https:\/\/secure.gravatar.com\/avatar\/aea46ab6fa77b103e5ad12a6b67a3015.jpg?s=72&d=https%3A%2F%2Fa.slack-edge.com%2F66f9%2Fimg%2Favatars%2Fava_0008-72.png",
            "image_192": "https:\/\/secure.gravatar.com\/avatar\/aea46ab6fa77b103e5ad12a6b67a3015.jpg?s=192&d=https%3A%2F%2Fa.slack-edge.com%2F7fa9%2Fimg%2Favatars%2Fava_0008-192.png",
            "image_512": "https:\/\/secure.gravatar.com\/avatar\/aea46ab6fa77b103e5ad12a6b67a3015.jpg?s=512&d=https%3A%2F%2Fa.slack-edge.com%2F7fa9%2Fimg%2Favatars%2Fava_0008-512.png",
            "team": "T970EQ935"
        },
        "is_admin": false,
        "is_owner": false,
        "is_primary_owner": false,
        "is_restricted": false,
        "is_ultra_restricted": false,
        "is_bot": false,
        "updated": 1519243541,
        "is_app_user": false
    },
    {
        "id": "U9BG6E16C",
        "team_id": "T970EQ935",
        "name": "cscott71",
        "deleted": false,
        "color": "3c989f",
        "real_name": "Chris Scott",
        "tz": "America\/New_York",
        "tz_label": "Eastern Daylight Time",
        "tz_offset": -14400,
        "profile": {
            "title": "",
            "phone": "",
            "skype": "",
            "real_name": "Chris Scott",
            "real_name_normalized": "Chris Scott",
            "display_name": "Chris Scott",
            "display_name_normalized": "Chris Scott",
            "fields": [],
            "status_text": "",
            "status_emoji": "",
            "status_expiration": 0,
            "avatar_hash": "g77a92cee945",
            "email": "cscott71@student.gsu.edu",
            "first_name": "Chris",
            "last_name": "Scott",
            "image_24": "https:\/\/secure.gravatar.com\/avatar\/77a92cee945da1dd7bbd34012d0221ba.jpg?s=24&d=https%3A%2F%2Fa.slack-edge.com%2F66f9%2Fimg%2Favatars%2Fava_0018-24.png",
            "image_32": "https:\/\/secure.gravatar.com\/avatar\/77a92cee945da1dd7bbd34012d0221ba.jpg?s=32&d=https%3A%2F%2Fa.slack-edge.com%2F66f9%2Fimg%2Favatars%2Fava_0018-32.png",
            "image_48": "https:\/\/secure.gravatar.com\/avatar\/77a92cee945da1dd7bbd34012d0221ba.jpg?s=48&d=https%3A%2F%2Fa.slack-edge.com%2F66f9%2Fimg%2Favatars%2Fava_0018-48.png",
            "image_72": "https:\/\/secure.gravatar.com\/avatar\/77a92cee945da1dd7bbd34012d0221ba.jpg?s=72&d=https%3A%2F%2Fa.slack-edge.com%2F3654%2Fimg%2Favatars%2Fava_0018-72.png",
            "image_192": "https:\/\/secure.gravatar.com\/avatar\/77a92cee945da1dd7bbd34012d0221ba.jpg?s=192&d=https%3A%2F%2Fa.slack-edge.com%2F7fa9%2Fimg%2Favatars%2Fava_0018-192.png",
            "image_512": "https:\/\/secure.gravatar.com\/avatar\/77a92cee945da1dd7bbd34012d0221ba.jpg?s=512&d=https%3A%2F%2Fa.slack-edge.com%2F7fa9%2Fimg%2Favatars%2Fava_0018-512.png",
            "team": "T970EQ935"
        },
        "is_admin": false,
        "is_owner": false,
        "is_primary_owner": false,
        "is_restricted": false,
        "is_ultra_restricted": false,
        "is_bot": false,
        "updated": 1520634322,
        "is_app_user": false
    },
    {
        "id": "U970EQ95H",
        "team_id": "T970EQ935",
        "name": "jherrera6",
        "deleted": false,
        "color": "9f69e7",
        "real_name": "Jason Herrera",
        "tz": "America\/New_York",
        "tz_label": "Eastern Daylight Time",
        "tz_offset": -14400,
        "profile": {
            "title": "",
            "phone": "",
            "skype": "",
            "real_name": "Jason Herrera",
            "real_name_normalized": "Jason Herrera",
            "display_name": "",
            "display_name_normalized": "",
            "fields": null,
            "status_text": "",
            "status_emoji": "",
            "status_expiration": 0,
            "avatar_hash": "g2937739bdb0",
            "email": "jherrera6@student.gsu.edu",
            "image_24": "https:\/\/secure.gravatar.com\/avatar\/2937739bdb0ec0a564a2a54f0cfa5110.jpg?s=24&d=https%3A%2F%2Fa.slack-edge.com%2F66f9%2Fimg%2Favatars%2Fava_0013-24.png",
            "image_32": "https:\/\/secure.gravatar.com\/avatar\/2937739bdb0ec0a564a2a54f0cfa5110.jpg?s=32&d=https%3A%2F%2Fa.slack-edge.com%2F0180%2Fimg%2Favatars%2Fava_0013-32.png",
            "image_48": "https:\/\/secure.gravatar.com\/avatar\/2937739bdb0ec0a564a2a54f0cfa5110.jpg?s=48&d=https%3A%2F%2Fa.slack-edge.com%2F66f9%2Fimg%2Favatars%2Fava_0013-48.png",
            "image_72": "https:\/\/secure.gravatar.com\/avatar\/2937739bdb0ec0a564a2a54f0cfa5110.jpg?s=72&d=https%3A%2F%2Fa.slack-edge.com%2F66f9%2Fimg%2Favatars%2Fava_0013-72.png",
            "image_192": "https:\/\/secure.gravatar.com\/avatar\/2937739bdb0ec0a564a2a54f0cfa5110.jpg?s=192&d=https%3A%2F%2Fa.slack-edge.com%2F7fa9%2Fimg%2Favatars%2Fava_0013-192.png",
            "image_512": "https:\/\/secure.gravatar.com\/avatar\/2937739bdb0ec0a564a2a54f0cfa5110.jpg?s=512&d=https%3A%2F%2Fa.slack-edge.com%2F7fa9%2Fimg%2Favatars%2Fava_0013-512.png",
            "team": "T970EQ935"
        },
        "is_admin": true,
        "is_owner": true,
        "is_primary_owner": true,
        "is_restricted": false,
        "is_ultra_restricted": false,
        "is_bot": false,
        "updated": 1518245696,
        "is_app_user": false
    },
    {
        "id": "U9789MP9B",
        "team_id": "T970EQ935",
        "name": "nsinha2",
        "deleted": false,
        "color": "4bbe2e",
        "real_name": "Nishant Sinha",
        "tz": "America\/New_York",
        "tz_label": "Eastern Daylight Time",
        "tz_offset": -14400,
        "profile": {
            "title": "",
            "phone": "",
            "skype": "",
            "real_name": "Nishant Sinha",
            "real_name_normalized": "Nishant Sinha",
            "display_name": "Nish",
            "display_name_normalized": "Nish",
            "fields": null,
            "status_text": "",
            "status_emoji": "",
            "status_expiration": 0,
            "avatar_hash": "gdbef97b3c12",
            "email": "nsinha2@student.gsu.edu",
            "image_24": "https:\/\/secure.gravatar.com\/avatar\/dbef97b3c12f0bf9dfed35aa3a14dc5c.jpg?s=24&d=https%3A%2F%2Fa.slack-edge.com%2F66f9%2Fimg%2Favatars%2Fava_0001-24.png",
            "image_32": "https:\/\/secure.gravatar.com\/avatar\/dbef97b3c12f0bf9dfed35aa3a14dc5c.jpg?s=32&d=https%3A%2F%2Fa.slack-edge.com%2F66f9%2Fimg%2Favatars%2Fava_0001-32.png",
            "image_48": "https:\/\/secure.gravatar.com\/avatar\/dbef97b3c12f0bf9dfed35aa3a14dc5c.jpg?s=48&d=https%3A%2F%2Fa.slack-edge.com%2F0180%2Fimg%2Favatars%2Fava_0001-48.png",
            "image_72": "https:\/\/secure.gravatar.com\/avatar\/dbef97b3c12f0bf9dfed35aa3a14dc5c.jpg?s=72&d=https%3A%2F%2Fa.slack-edge.com%2F3654%2Fimg%2Favatars%2Fava_0001-72.png",
            "image_192": "https:\/\/secure.gravatar.com\/avatar\/dbef97b3c12f0bf9dfed35aa3a14dc5c.jpg?s=192&d=https%3A%2F%2Fa.slack-edge.com%2F7fa9%2Fimg%2Favatars%2Fava_0001-192.png",
            "image_512": "https:\/\/secure.gravatar.com\/avatar\/dbef97b3c12f0bf9dfed35aa3a14dc5c.jpg?s=512&d=https%3A%2F%2Fa.slack-edge.com%2F7fa9%2Fimg%2Favatars%2Fava_0001-512.png",
            "team": "T970EQ935"
        },
        "is_admin": false,
        "is_owner": false,
        "is_primary_owner": false,
        "is_restricted": false,
        "is_ultra_restricted": false,
        "is_bot": false,
        "updated": 1518269224,
        "is_app_user": false
    }
]